<?xml version="1.0"?>
<actions>

    <genericPlay instanceId="dmaf_init_test_sound" triggers="start_bpp" delay="0">
        <properties  soundFile="cymbal_hit" volume="-12" />
        <properties loop="OFF" loopTime="0" reTrig="ALWAYS" returnEvent="OFF" returnEventTime="0" />
        <properties bus="master" timingCorrection="PLAY" fadeIn="0" pan="0" />
    </genericPlay>

    <genericPlay instanceId="roll_1" triggers="drumroll_1" delay="0">
        <properties  soundFile="drumroll_1" volume="0" />
        <properties loop="OFF" loopTime="0" reTrig="NEVER" returnEvent="OFF" returnEventTime="0" />
        <properties bus="drumroll_bus" timingCorrection="SYNC" fadeIn="0" pan="0" />
    </genericPlay>

    <genericPlay instanceId="roll_2" triggers="drumroll_2" delay="0">
        <properties  soundFile="drumroll_2" volume="0" />
        <properties loop="OFF" loopTime="0" reTrig="NEVER" returnEvent="OFF" returnEventTime="0" />
        <properties bus="drumroll_bus" timingCorrection="SYNC" fadeIn="0" pan="0" />
    </genericPlay>

    <genericPlay instanceId="roll_3" triggers="drumroll_3" delay="0">
        <properties  soundFile="drumroll_3" volume="0" />
        <properties loop="OFF" loopTime="0" reTrig="NEVER" returnEvent="OFF" returnEventTime="0" />
        <properties bus="drumroll_bus" timingCorrection="SYNC" fadeIn="0" pan="0" />
    </genericPlay>

    <genericPlay instanceId="cymbal_1" triggers="drumroll_1" delay="0">
        <properties  soundFile="cymbal_1" volume="-15" />
        <properties loop="OFF" loopTime="0" reTrig="NEVER" returnEvent="OFF" returnEventTime="0" />
        <properties bus="drumroll_bus" timingCorrection="SYNC" fadeIn="0" pan="0" />
    </genericPlay>

    <genericPlay instanceId="cymbal_2" triggers="drumroll_2" delay="0">
        <properties  soundFile="cymbal_2" volume="-15" />
        <properties loop="OFF" loopTime="0" reTrig="NEVER" returnEvent="OFF" returnEventTime="0" />
        <properties bus="drumroll_bus" timingCorrection="SYNC" fadeIn="0" pan="0" />
    </genericPlay>

    <genericPlay instanceId="cymbal_3" triggers="drumroll_3" delay="0">
        <properties  soundFile="cymbal_3" volume="-15" />
        <properties loop="OFF" loopTime="0" reTrig="NEVER" returnEvent="OFF" returnEventTime="0" />
        <properties bus="drumroll_bus" timingCorrection="SYNC" fadeIn="0" pan="0" />
    </genericPlay>

    <genericPlay instanceId="cymbal_stop" triggers="stop_bpp" delay="0">
        <properties  soundFile="cymbal_stop" volume="-15" />
        <properties loop="OFF" loopTime="0" reTrig="NEVER" returnEvent="OFF" returnEventTime="0" />
        <properties bus="drumroll_bus" timingCorrection="SYNC" fadeIn="0" pan="0" />
    </genericPlay>

</actions>
