<?xml version="1.0"?>
<actions>

	<!-- BEATPATTERNPLAYERS -->
    <beatPatternPlayer instanceId="beatpatternplayer" triggers="stop_bpp" delay="0">
        <flowItems>
            <stop songPosition="NEXT_BAR"/>
        </flowItems>
    </beatPatternPlayer>

    <!-- BEATPATTERNPLAYERS -->
    <beatPatternPlayer instanceId="beatpatternplayer" triggers="start_bpp_and_idle_pattern,start_bpp" delay="0">
        <flowItems>
            <start beatsPerBar="16" tempo="115"/>
            <add channel="sync_channel" patternId="sync_channel" clearPending="true" clearPosition="NEXT_BAR" loop="true" loopLength="64" patternPosition="FIRST_BEAT" replaceActive="true" setAsCurrent="true" songPosition="NEXT_BAR"/>
            <add channel="synth_pad_a" patternId="synth_pad_idle" clearPending="true" clearPosition="NEXT_BAR" loop="true" loopLength="64" patternPosition="FIRST_BEAT" replaceActive="true" setAsCurrent="false" songPosition="NEXT_BAR"/>
            <add channel="string_legato_a" patternId="string_legato_idle" clearPending="true" clearPosition="NEXT_BAR" loop="true" loopLength="64"  patternPosition="FIRST_BEAT" replaceActive="true" setAsCurrent="false" songPosition="NEXT_BAR"/>

            <add channel="drum_hit_a" patternId="drum_hit_empty" clearPending="true" clearPosition="NEXT_BAR" loop="false" loopLength="64"  patternPosition="FIRST_BEAT" replaceActive="true" setAsCurrent="false" songPosition="NEXT_BAR"/>
            <add channel="drum_hit_dyn_a" patternId="drum_hit_dyn_empty" clearPending="true" clearPosition="NEXT_BAR" loop="false" loopLength="64"  patternPosition="FIRST_BEAT" replaceActive="true" setAsCurrent="false" songPosition="NEXT_BAR"/>
            <add channel="drum_rolls_dyn_a" patternId="drum_rolls_dyn_empty" clearPending="true" clearPosition="NEXT_BAR" loop="false" loopLength="64" patternPosition="FIRST_BEAT" replaceActive="true" setAsCurrent="false" songPosition="NEXT_BAR"/>
            <add channel="cymbal_rolls" patternId="cymbal_rolls_empty" clearPending="true" clearPosition="NEXT_BAR" loop="false" loopLength="64" patternPosition="FIRST_BEAT" replaceActive="true" setAsCurrent="false" songPosition="NEXT_BAR"/>

            <add channel="string_stac_a" patternId="string_stac_empty" clearPending="true" clearPosition="NEXT_BAR" loop="false" loopLength="64" patternPosition="FIRST_BEAT" replaceActive="true" setAsCurrent="false" songPosition="NEXT_BAR"/>
            <add channel="string_stac_dyn_a" patternId="string_stac_empty" clearPending="true" clearPosition="NEXT_BAR" loop="false" loopLength="64" patternPosition="FIRST_BEAT" replaceActive="true" setAsCurrent="false" songPosition="NEXT_BAR"/>
            <add channel="horn_legato_a" patternId="horn_legato_empty" clearPending="true" clearPosition="NEXT_BAR" loop="false" loopLength="64" patternPosition="FIRST_BEAT" replaceActive="true" setAsCurrent="false" songPosition="NEXT_BAR"/>

            <add channel="synth_bas_a" patternId="synth_bas_empty" clearPending="true" clearPosition="NEXT_BAR" loop="false" loopLength="64" patternPosition="FIRST_BEAT" replaceActive="true" setAsCurrent="false" songPosition="NEXT_BAR"/>
            <add channel="synth_bas_dyn_a" patternId="synth_bas_dyn_empty" clearPending="true" clearPosition="NEXT_BAR" loop="false" loopLength="64" patternPosition="FIRST_BEAT" replaceActive="true" setAsCurrent="false" songPosition="NEXT_BAR"/>
            <add channel="synth_bas_dyn2" patternId="synth_bas_empty" clearPending="true" clearPosition="NEXT_BAR" loop="false" loopLength="64" patternPosition="FIRST_BEAT" replaceActive="true" setAsCurrent="false" songPosition="NEXT_BAR"/>
            <add channel="synth_bas_pad_a" patternId="synth_bas_pad_empty" clearPending="true" clearPosition="NEXT_BAR" loop="false" loopLength="64" patternPosition="FIRST_BEAT" replaceActive="true" setAsCurrent="false" songPosition="NEXT_BAR"/>
            <add channel="synth_dist" patternId="synth_dist_empty" clearPending="true" clearPosition="NEXT_BAR" loop="false" loopLength="64" patternPosition="FIRST_BEAT" replaceActive="true" setAsCurrent="false" songPosition="NEXT_BAR"/>
            <add channel="synth_dist_dyn_a" patternId="synth_dist_dyn_empty" clearPending="true" clearPosition="NEXT_BAR" loop="false" loopLength="64" patternPosition="FIRST_BEAT" replaceActive="true" setAsCurrent="false" songPosition="NEXT_BAR"/>
            <add channel="synth_arp_1_a" patternId="synth_arp_1_empty" clearPending="true" clearPosition="NEXT_BAR" loop="false" loopLength="64" patternPosition="FIRST_BEAT" replaceActive="true" setAsCurrent="false" songPosition="NEXT_BAR"/>
            <add channel="synth_arp_2_a" patternId="synth_arp_2_empty" clearPending="true" clearPosition="NEXT_BAR" loop="false" loopLength="64" patternPosition="FIRST_BEAT" replaceActive="true" setAsCurrent="false" songPosition="NEXT_BAR"/>
            <add channel="synth_arp_1_dyn_a" patternId="synth_arp_1_dyn_empty" clearPending="true" clearPosition="NEXT_BAR" loop="false" loopLength="64" patternPosition="FIRST_BEAT" replaceActive="true" setAsCurrent="false" songPosition="NEXT_BAR"/>
            <add channel="synth_arp_2_dyn_a" patternId="synth_arp_2_dyn_empty" clearPending="true" clearPosition="NEXT_BAR" loop="false" loopLength="64" patternPosition="FIRST_BEAT" replaceActive="true" setAsCurrent="false" songPosition="NEXT_BAR"/>
        </flowItems>
    </beatPatternPlayer>

    <beatPatternPlayer instanceId="beatpatternplayer" triggers="idle_sync" delay="0">
        <flowItems>
            <add channel="synth_pad_a" patternId="synth_pad_idle" clearPending="true" clearPosition="NEXT_BEAT" loop="true" loopLength="64" patternPosition="SYNC" replaceActive="true" setAsCurrent="false" songPosition="NEXT_BEAT"/>
            <add channel="string_legato_a" patternId="string_legato_idle" clearPending="true" clearPosition="NEXT_BEAT" loop="true" loopLength="64"  patternPosition="SYNC" replaceActive="true" setAsCurrent="false" songPosition="NEXT_BEAT"/>

            <add channel="drum_hit_a" patternId="drum_hit_empty" clearPending="true" clearPosition="NEXT_BEAT" loop="false" loopLength="64"  patternPosition="SYNC" replaceActive="true" setAsCurrent="false" songPosition="NEXT_BEAT"/>
            <add channel="drum_hit_dyn_a" patternId="drum_hit_dyn_empty" clearPending="true" clearPosition="NEXT_BEAT" loop="false" loopLength="64"  patternPosition="SYNC" replaceActive="true" setAsCurrent="false" songPosition="NEXT_BEAT"/>
            <add channel="drum_rolls_dyn_a" patternId="drum_rolls_dyn_empty" clearPending="true" clearPosition="NEXT_BEAT" loop="false" loopLength="64" patternPosition="SYNC" replaceActive="true" setAsCurrent="false" songPosition="NEXT_BEAT"/>
            <add channel="cymbal_rolls" patternId="cymbal_rolls_empty" clearPending="true" clearPosition="NEXT_BEAT" loop="false" loopLength="64" patternPosition="SYNC" replaceActive="true" setAsCurrent="false" songPosition="NEXT_BEAT"/>

            <add channel="string_stac_a" patternId="string_stac_empty" clearPending="true" clearPosition="NEXT_BEAT" loop="false" loopLength="64" patternPosition="SYNC" replaceActive="true" setAsCurrent="false" songPosition="NEXT_BEAT"/>
            <add channel="string_stac_dyn_a" patternId="string_stac_empty" clearPending="true" clearPosition="NEXT_BEAT" loop="false" loopLength="64" patternPosition="SYNC" replaceActive="true" setAsCurrent="false" songPosition="NEXT_BEAT"/>
            <add channel="horn_legato_a" patternId="horn_legato_empty" clearPending="true" clearPosition="NEXT_BEAT" loop="false" loopLength="64" patternPosition="SYNC" replaceActive="true" setAsCurrent="false" songPosition="NEXT_BEAT"/>

            <add channel="synth_bas_a" patternId="synth_bas_empty" clearPending="true" clearPosition="NEXT_BEAT" loop="false" loopLength="64" patternPosition="SYNC" replaceActive="true" setAsCurrent="false" songPosition="NEXT_BEAT"/>
            <add channel="synth_bas_dyn_a" patternId="synth_bas_dyn_empty" clearPending="true" clearPosition="NEXT_BEAT" loop="false" loopLength="64" patternPosition="SYNC" replaceActive="true" setAsCurrent="false" songPosition="NEXT_BEAT"/>
            <add channel="synth_bas_dyn2" patternId="synth_bas_empty" clearPending="true" clearPosition="NEXT_BEAT" loop="false" loopLength="64" patternPosition="SYNC" replaceActive="true" setAsCurrent="false" songPosition="NEXT_BEAT"/>
            <add channel="synth_bas_pad_a" patternId="synth_bas_pad_empty" clearPending="true" clearPosition="NEXT_BEAT" loop="false" loopLength="64" patternPosition="SYNC" replaceActive="true" setAsCurrent="false" songPosition="NEXT_BEAT"/>
            <add channel="synth_dist" patternId="synth_dist_empty" clearPending="true" clearPosition="NEXT_BEAT" loop="false" loopLength="64" patternPosition="SYNC" replaceActive="true" setAsCurrent="false" songPosition="NEXT_BEAT"/>
            <add channel="synth_dist_dyn_a" patternId="synth_dist_dyn_empty" clearPending="true" clearPosition="NEXT_BEAT" loop="false" loopLength="64" patternPosition="SYNC" replaceActive="true" setAsCurrent="false" songPosition="NEXT_BEAT"/>
            <add channel="synth_arp_1_a" patternId="synth_arp_1_empty" clearPending="true" clearPosition="NEXT_BEAT" loop="false" loopLength="64" patternPosition="SYNC" replaceActive="true" setAsCurrent="false" songPosition="NEXT_BEAT"/>
            <add channel="synth_arp_2_a" patternId="synth_arp_2_empty" clearPending="true" clearPosition="NEXT_BEAT" loop="false" loopLength="64" patternPosition="SYNC" replaceActive="true" setAsCurrent="false" songPosition="NEXT_BEAT"/>
            <add channel="synth_arp_1_dyn_a" patternId="synth_arp_1_dyn_empty" clearPending="true" clearPosition="NEXT_BEAT" loop="false" loopLength="64" patternPosition="SYNC" replaceActive="true" setAsCurrent="false" songPosition="NEXT_BEAT"/>
            <add channel="synth_arp_2_dyn_a" patternId="synth_arp_2_dyn_empty" clearPending="true" clearPosition="NEXT_BEAT" loop="false" loopLength="64" patternPosition="SYNC" replaceActive="true" setAsCurrent="false" songPosition="NEXT_BEAT"/>
        </flowItems>
    </beatPatternPlayer>

    <beatPatternPlayer instanceId="beatpatternplayer" triggers="normal_first_beat" delay="0">
        <flowItems>
            <add channel="sync_channel" patternId="sync_channel" clearPending="true" clearPosition="NEXT_BAR" loop="true" loopLength="64" patternPosition="FIRST_BEAT" replaceActive="true" setAsCurrent="true" songPosition="NEXT_BAR"/>
            <add channel="synth_pad_a" patternId="synth_pad_a_normal" clearPending="true" clearPosition="NEXT_BAR" loop="true" loopLength="64" patternPosition="FIRST_BEAT" replaceActive="true" setAsCurrent="false" songPosition="NEXT_BAR"/>
            <add channel="string_legato_a" patternId="string_legato_a_normal" clearPending="true" clearPosition="NEXT_BAR" loop="true" loopLength="64"  patternPosition="FIRST_BEAT" replaceActive="true" setAsCurrent="false" songPosition="NEXT_BAR"/>
            <add channel="string_stac_a" patternId="string_stac_a_normal" clearPending="true" clearPosition="NEXT_BAR" loop="true" loopLength="64" patternPosition="FIRST_BEAT" replaceActive="true" setAsCurrent="false" songPosition="NEXT_BAR"/>
            <add channel="string_stac_dyn_a" patternId="string_stac_dyn_a_normal" clearPending="true" clearPosition="NEXT_BAR" loop="true" loopLength="64" patternPosition="FIRST_BEAT" replaceActive="true" setAsCurrent="false" songPosition="NEXT_BAR"/>
            <add channel="synth_arp_1_dyn_a" patternId="synth_arp_1_dyn_a_normal" clearPending="true" clearPosition="NEXT_BAR" loop="true" loopLength="64" patternPosition="FIRST_BEAT" replaceActive="true" setAsCurrent="false" songPosition="NEXT_BAR"/>
            <add channel="synth_bas_dyn_a" patternId="synth_bas_dyn_a_normal" clearPending="true" clearPosition="NEXT_BAR" loop="true" loopLength="64" patternPosition="FIRST_BEAT" replaceActive="true" setAsCurrent="false" songPosition="NEXT_BAR"/>

            <add channel="drum_hit_a" patternId="drum_hit_empty" clearPending="true" clearPosition="NEXT_BAR" loop="false" loopLength="64"  patternPosition="FIRST_BEAT" replaceActive="true" setAsCurrent="false" songPosition="NEXT_BAR"/>
            <add channel="drum_hit_dyn_a" patternId="drum_hit_dyn_empty" clearPending="true" clearPosition="NEXT_BAR" loop="false" loopLength="64"  patternPosition="FIRST_BEAT" replaceActive="true" setAsCurrent="false" songPosition="NEXT_BAR"/>
            <add channel="drum_rolls_dyn_a" patternId="drum_rolls_dyn_empty" clearPending="true" clearPosition="NEXT_BAR" loop="false" loopLength="64" patternPosition="FIRST_BEAT" replaceActive="true" setAsCurrent="false" songPosition="NEXT_BAR"/>
            <add channel="cymbal_rolls" patternId="cymbal_rolls_empty" clearPending="true" clearPosition="NEXT_BAR" loop="false" loopLength="64" patternPosition="FIRST_BEAT" replaceActive="true" setAsCurrent="false" songPosition="NEXT_BAR"/>

            <add channel="horn_legato_a" patternId="horn_legato_empty" clearPending="true" clearPosition="NEXT_BAR" loop="false" loopLength="64" patternPosition="FIRST_BEAT" replaceActive="true" setAsCurrent="false" songPosition="NEXT_BAR"/>

            <add channel="synth_bas_a" patternId="synth_bas_empty" clearPending="true" clearPosition="NEXT_BAR" loop="false" loopLength="64" patternPosition="FIRST_BEAT" replaceActive="true" setAsCurrent="false" songPosition="NEXT_BAR"/>
            <add channel="synth_bas_dyn2" patternId="synth_bas_empty" clearPending="true" clearPosition="NEXT_BAR" loop="false" loopLength="64" patternPosition="FIRST_BEAT" replaceActive="true" setAsCurrent="false" songPosition="NEXT_BAR"/>
            <add channel="synth_bas_pad_a" patternId="synth_bas_pad_empty" clearPending="true" clearPosition="NEXT_BAR" loop="false" loopLength="64" patternPosition="FIRST_BEAT" replaceActive="true" setAsCurrent="false" songPosition="NEXT_BAR"/>
            <add channel="synth_dist" patternId="synth_dist_empty" clearPending="true" clearPosition="NEXT_BAR" loop="false" loopLength="64" patternPosition="FIRST_BEAT" replaceActive="true" setAsCurrent="false" songPosition="NEXT_BAR"/>
            <add channel="synth_dist_dyn_a" patternId="synth_dist_dyn_empty" clearPending="true" clearPosition="NEXT_BAR" loop="false" loopLength="64" patternPosition="FIRST_BEAT" replaceActive="true" setAsCurrent="false" songPosition="NEXT_BAR"/>
            <add channel="synth_arp_1_a" patternId="synth_arp_1_empty" clearPending="true" clearPosition="NEXT_BAR" loop="false" loopLength="64" patternPosition="FIRST_BEAT" replaceActive="true" setAsCurrent="false" songPosition="NEXT_BAR"/>
            <add channel="synth_arp_2_a" patternId="synth_arp_2_empty" clearPending="true" clearPosition="NEXT_BAR" loop="false" loopLength="64" patternPosition="FIRST_BEAT" replaceActive="true" setAsCurrent="false" songPosition="NEXT_BAR"/>
            <add channel="synth_arp_2_dyn_a" patternId="synth_arp_2_dyn_empty" clearPending="true" clearPosition="NEXT_BAR" loop="false" loopLength="64" patternPosition="FIRST_BEAT" replaceActive="true" setAsCurrent="false" songPosition="NEXT_BAR"/>
        </flowItems>
    </beatPatternPlayer>

    <beatPatternPlayer instanceId="beatpatternplayer" triggers="normal_sync" delay="0">
        <flowItems>
            <add channel="synth_pad_a" patternId="synth_pad_a_normal" clearPending="true" clearPosition="NEXT_BEAT" loop="true" loopLength="64" patternPosition="SYNC" replaceActive="true" setAsCurrent="false" songPosition="NEXT_BEAT"/>
            <add channel="string_legato_a" patternId="string_legato_a_normal" clearPending="true" clearPosition="NEXT_BEAT" loop="true" loopLength="64"  patternPosition="SYNC" replaceActive="true" setAsCurrent="false" songPosition="NEXT_BEAT"/>
            <add channel="string_stac_a" patternId="string_stac_a_normal" clearPending="true" clearPosition="NEXT_BEAT" loop="true" loopLength="64" patternPosition="SYNC" replaceActive="true" setAsCurrent="false" songPosition="NEXT_BEAT"/>
            <add channel="string_stac_dyn_a" patternId="string_stac_dyn_a_normal" clearPending="true" clearPosition="NEXT_BEAT" loop="true" loopLength="64" patternPosition="SYNC" replaceActive="true" setAsCurrent="false" songPosition="NEXT_BEAT"/>
            <add channel="synth_arp_1_dyn_a" patternId="synth_arp_1_dyn_a_normal" clearPending="true" clearPosition="NEXT_BEAT" loop="true" loopLength="64" patternPosition="SYNC" replaceActive="true" setAsCurrent="false" songPosition="NEXT_BEAT"/>
            <add channel="synth_bas_dyn_a" patternId="synth_bas_dyn_empty" clearPending="true" clearPosition="NEXT_BEAT" loop="false" loopLength="64" patternPosition="SYNC" replaceActive="true" setAsCurrent="false" songPosition="NEXT_BEAT"/>

            <add channel="drum_hit_a" patternId="drum_hit_empty" clearPending="true" clearPosition="NEXT_BEAT" loop="false" loopLength="64"  patternPosition="SYNC" replaceActive="true" setAsCurrent="false" songPosition="NEXT_BEAT"/>
            <add channel="drum_hit_dyn_a" patternId="drum_hit_dyn_empty" clearPending="true" clearPosition="NEXT_BEAT" loop="false" loopLength="64"  patternPosition="SYNC" replaceActive="true" setAsCurrent="false" songPosition="NEXT_BEAT"/>
            <add channel="drum_rolls_dyn_a" patternId="drum_rolls_dyn_empty" clearPending="true" clearPosition="NEXT_BEAT" loop="false" loopLength="64" patternPosition="SYNC" replaceActive="true" setAsCurrent="false" songPosition="NEXT_BEAT"/>
            <add channel="cymbal_rolls" patternId="cymbal_rolls_empty" clearPending="true" clearPosition="NEXT_BEAT" loop="false" loopLength="64" patternPosition="SYNC" replaceActive="true" setAsCurrent="false" songPosition="NEXT_BEAT"/>

            <add channel="horn_legato_a" patternId="horn_legato_empty" clearPending="true" clearPosition="NEXT_BEAT" loop="false" loopLength="64" patternPosition="SYNC" replaceActive="true" setAsCurrent="false" songPosition="NEXT_BEAT"/>

            <add channel="synth_bas_a" patternId="synth_bas_empty" clearPending="true" clearPosition="NEXT_BEAT" loop="false" loopLength="64" patternPosition="SYNC" replaceActive="true" setAsCurrent="false" songPosition="NEXT_BEAT"/>
            <add channel="synth_bas_dyn2" patternId="synth_bas_empty" clearPending="true" clearPosition="NEXT_BEAT" loop="false" loopLength="64" patternPosition="SYNC" replaceActive="true" setAsCurrent="false" songPosition="NEXT_BEAT"/>
            <add channel="synth_bas_pad_a" patternId="synth_bas_pad_empty" clearPending="true" clearPosition="NEXT_BEAT" loop="false" loopLength="64" patternPosition="SYNC" replaceActive="true" setAsCurrent="false" songPosition="NEXT_BEAT"/>
            <add channel="synth_dist" patternId="synth_dist_empty" clearPending="true" clearPosition="NEXT_BEAT" loop="false" loopLength="64" patternPosition="SYNC" replaceActive="true" setAsCurrent="false" songPosition="NEXT_BEAT"/>
            <add channel="synth_dist_dyn_a" patternId="synth_dist_dyn_empty" clearPending="true" clearPosition="NEXT_BEAT" loop="false" loopLength="64" patternPosition="SYNC" replaceActive="true" setAsCurrent="false" songPosition="NEXT_BEAT"/>
            <add channel="synth_arp_1_a" patternId="synth_arp_1_empty" clearPending="true" clearPosition="NEXT_BEAT" loop="false" loopLength="64" patternPosition="SYNC" replaceActive="true" setAsCurrent="false" songPosition="NEXT_BEAT"/>
            <add channel="synth_arp_2_a" patternId="synth_arp_2_empty" clearPending="true" clearPosition="NEXT_BEAT" loop="false" loopLength="64" patternPosition="SYNC" replaceActive="true" setAsCurrent="false" songPosition="NEXT_BEAT"/>
            <add channel="synth_arp_2_dyn_a" patternId="synth_arp_2_dyn_empty" clearPending="true" clearPosition="NEXT_BEAT" loop="false" loopLength="64" patternPosition="SYNC" replaceActive="true" setAsCurrent="false" songPosition="NEXT_BEAT"/>
        </flowItems>
    </beatPatternPlayer>

    <beatPatternPlayer instanceId="beatpatternplayer" triggers="medium_1_sync" delay="0">
        <flowItems>
            <add channel="synth_pad_a" patternId="synth_pad_a_medium_1" clearPending="true" clearPosition="NEXT_BEAT" loop="true" loopLength="64" patternPosition="SYNC" replaceActive="true" setAsCurrent="false" songPosition="NEXT_BEAT"/>
            <add channel="string_legato_a" patternId="string_legato_a_medium_1" clearPending="true" clearPosition="NEXT_BEAT" loop="true" loopLength="64"  patternPosition="SYNC" replaceActive="true" setAsCurrent="false" songPosition="NEXT_BEAT"/>
            <add channel="string_stac_a" patternId="string_stac_a_medium" clearPending="true" clearPosition="NEXT_BEAT" loop="true" loopLength="64" patternPosition="SYNC" replaceActive="true" setAsCurrent="false" songPosition="NEXT_BEAT"/>
            <add channel="synth_arp_1_a" patternId="synth_arp_1_a_medium" clearPending="true" clearPosition="NEXT_BEAT" loop="true" loopLength="64" patternPosition="SYNC" replaceActive="true" setAsCurrent="false" songPosition="NEXT_BEAT"/>
            <add channel="string_stac_dyn_a" patternId="string_stac_dyn_a_medium" clearPending="true" clearPosition="NEXT_BEAT" loop="true" loopLength="64" patternPosition="SYNC" replaceActive="true" setAsCurrent="false" songPosition="NEXT_BEAT"/>
            <add channel="synth_dist_dyn_a" patternId="synth_dist_dyn_a_medium" clearPending="true" clearPosition="NEXT_BEAT" loop="true" loopLength="64" patternPosition="SYNC" replaceActive="true" setAsCurrent="false" songPosition="NEXT_BEAT"/>
            <add channel="synth_bas_dyn_a" patternId="synth_bas_empty" clearPending="true" clearPosition="NEXT_BEAT" loop="false" loopLength="64" patternPosition="SYNC" replaceActive="true" setAsCurrent="false" songPosition="NEXT_BEAT"/>
            <add channel="synth_arp_1_dyn_a" patternId="synth_arp_1_dyn_a_medium" clearPending="true" clearPosition="NEXT_BEAT" loop="true" loopLength="64" patternPosition="SYNC" replaceActive="true" setAsCurrent="false" songPosition="NEXT_BEAT"/>
            <add channel="synth_arp_2_dyn_a" patternId="synth_arp_2_empty" clearPending="true" clearPosition="NEXT_BEAT" loop="false" loopLength="64" patternPosition="SYNC" replaceActive="true" setAsCurrent="false" songPosition="NEXT_BEAT"/>

            <add channel="drum_hit_a" patternId="drum_hit_empty" clearPending="true" clearPosition="NEXT_BEAT" loop="false" loopLength="64"  patternPosition="SYNC" replaceActive="true" setAsCurrent="false" songPosition="NEXT_BEAT"/>
            <add channel="drum_hit_dyn_a" patternId="drum_hit_dyn_empty" clearPending="true" clearPosition="NEXT_BEAT" loop="false" loopLength="64"  patternPosition="SYNC" replaceActive="true" setAsCurrent="false" songPosition="NEXT_BEAT"/>
            <add channel="drum_rolls_dyn_a" patternId="drum_rolls_dyn_empty" clearPending="true" clearPosition="NEXT_BEAT" loop="false" loopLength="64" patternPosition="SYNC" replaceActive="true" setAsCurrent="false" songPosition="NEXT_BEAT"/>
            <add channel="cymbal_rolls" patternId="cymbal_rolls_empty" clearPending="true" clearPosition="NEXT_BEAT" loop="false" loopLength="64" patternPosition="SYNC" replaceActive="true" setAsCurrent="false" songPosition="NEXT_BEAT"/>

            <add channel="horn_legato_a" patternId="horn_legato_empty" clearPending="true" clearPosition="NEXT_BEAT" loop="false" loopLength="64" patternPosition="SYNC" replaceActive="true" setAsCurrent="false" songPosition="NEXT_BEAT"/>

            <add channel="synth_bas_a" patternId="synth_bas_empty" clearPending="true" clearPosition="NEXT_BEAT" loop="false" loopLength="64" patternPosition="SYNC" replaceActive="true" setAsCurrent="false" songPosition="NEXT_BEAT"/>
            <add channel="synth_bas_dyn2" patternId="synth_bas_empty" clearPending="true" clearPosition="NEXT_BEAT" loop="false" loopLength="64" patternPosition="SYNC" replaceActive="true" setAsCurrent="false" songPosition="NEXT_BEAT"/>
            <add channel="synth_bas_pad_a" patternId="synth_bas_pad_empty" clearPending="true" clearPosition="NEXT_BEAT" loop="false" loopLength="64" patternPosition="SYNC" replaceActive="true" setAsCurrent="false" songPosition="NEXT_BEAT"/>
            <add channel="synth_dist" patternId="synth_dist_empty" clearPending="true" clearPosition="NEXT_BEAT" loop="false" loopLength="64" patternPosition="SYNC" replaceActive="true" setAsCurrent="false" songPosition="NEXT_BEAT"/>
            <add channel="synth_arp_2_a" patternId="synth_arp_2_empty" clearPending="true" clearPosition="NEXT_BEAT" loop="false" loopLength="64" patternPosition="SYNC" replaceActive="true" setAsCurrent="false" songPosition="NEXT_BEAT"/>
        </flowItems>
    </beatPatternPlayer>

    <beatPatternPlayer instanceId="beatpatternplayer" triggers="medium_2_sync" delay="0">
        <flowItems>
            <add channel="synth_pad_a" patternId="synth_pad_a_medium_2" clearPending="true" clearPosition="NEXT_BEAT" loop="true" loopLength="64" patternPosition="SYNC" replaceActive="true" setAsCurrent="false" songPosition="NEXT_BEAT"/>
            <add channel="string_legato_a" patternId="string_legato_a_medium_2" clearPending="true" clearPosition="NEXT_BEAT" loop="true" loopLength="64"  patternPosition="SYNC" replaceActive="true" setAsCurrent="false" songPosition="NEXT_BEAT"/>
            <add channel="string_stac_a" patternId="string_stac_a_medium" clearPending="true" clearPosition="NEXT_BEAT" loop="true" loopLength="64" patternPosition="SYNC" replaceActive="true" setAsCurrent="false" songPosition="NEXT_BEAT"/>
            <add channel="synth_arp_1_a" patternId="synth_arp_1_a_medium" clearPending="true" clearPosition="NEXT_BEAT" loop="true" loopLength="64" patternPosition="SYNC" replaceActive="true" setAsCurrent="false" songPosition="NEXT_BEAT"/>
            <add channel="string_stac_dyn_a" patternId="string_stac_dyn_a_medium" clearPending="true" clearPosition="NEXT_BEAT" loop="true" loopLength="64" patternPosition="SYNC" replaceActive="true" setAsCurrent="false" songPosition="NEXT_BEAT"/>
            <add channel="synth_dist_dyn_a" patternId="synth_dist_dyn_a_medium" clearPending="true" clearPosition="NEXT_BEAT" loop="true" loopLength="64" patternPosition="SYNC" replaceActive="true" setAsCurrent="false" songPosition="NEXT_BEAT"/>
            <add channel="synth_bas_dyn_a" patternId="synth_bas_empty" clearPending="true" clearPosition="NEXT_BEAT" loop="false" loopLength="64" patternPosition="SYNC" replaceActive="true" setAsCurrent="false" songPosition="NEXT_BEAT"/>
            <add channel="synth_arp_1_dyn_a" patternId="synth_arp_1_dyn_a_medium" clearPending="true" clearPosition="NEXT_BEAT" loop="true" loopLength="64" patternPosition="SYNC" replaceActive="true" setAsCurrent="false" songPosition="NEXT_BEAT"/>
            <add channel="synth_arp_2_dyn_a" patternId="synth_arp_2_empty" clearPending="true" clearPosition="NEXT_BEAT" loop="false" loopLength="64" patternPosition="SYNC" replaceActive="true" setAsCurrent="false" songPosition="NEXT_BEAT"/>

            <add channel="drum_hit_a" patternId="drum_hit_empty" clearPending="true" clearPosition="NEXT_BEAT" loop="false" loopLength="64"  patternPosition="SYNC" replaceActive="true" setAsCurrent="false" songPosition="NEXT_BEAT"/>
            <add channel="drum_hit_dyn_a" patternId="drum_hit_dyn_empty" clearPending="true" clearPosition="NEXT_BEAT" loop="false" loopLength="64"  patternPosition="SYNC" replaceActive="true" setAsCurrent="false" songPosition="NEXT_BEAT"/>
            <add channel="drum_rolls_dyn_a" patternId="drum_rolls_dyn_empty" clearPending="true" clearPosition="NEXT_BEAT" loop="false" loopLength="64" patternPosition="SYNC" replaceActive="true" setAsCurrent="false" songPosition="NEXT_BEAT"/>
            <add channel="cymbal_rolls" patternId="cymbal_rolls_empty" clearPending="true" clearPosition="NEXT_BEAT" loop="false" loopLength="64" patternPosition="SYNC" replaceActive="true" setAsCurrent="false" songPosition="NEXT_BEAT"/>

            <add channel="horn_legato_a" patternId="horn_legato_empty" clearPending="true" clearPosition="NEXT_BEAT" loop="false" loopLength="64" patternPosition="SYNC" replaceActive="true" setAsCurrent="false" songPosition="NEXT_BEAT"/>

            <add channel="synth_bas_a" patternId="synth_bas_empty" clearPending="true" clearPosition="NEXT_BEAT" loop="false" loopLength="64" patternPosition="SYNC" replaceActive="true" setAsCurrent="false" songPosition="NEXT_BEAT"/>
            <add channel="synth_bas_dyn2" patternId="synth_bas_empty" clearPending="true" clearPosition="NEXT_BEAT" loop="false" loopLength="64" patternPosition="SYNC" replaceActive="true" setAsCurrent="false" songPosition="NEXT_BEAT"/>
            <add channel="synth_bas_pad_a" patternId="synth_bas_pad_empty" clearPending="true" clearPosition="NEXT_BEAT" loop="false" loopLength="64" patternPosition="SYNC" replaceActive="true" setAsCurrent="false" songPosition="NEXT_BEAT"/>
            <add channel="synth_dist" patternId="synth_dist_empty" clearPending="true" clearPosition="NEXT_BEAT" loop="false" loopLength="64" patternPosition="SYNC" replaceActive="true" setAsCurrent="false" songPosition="NEXT_BEAT"/>
            <add channel="synth_arp_2_a" patternId="synth_arp_2_empty" clearPending="true" clearPosition="NEXT_BEAT" loop="false" loopLength="64" patternPosition="SYNC" replaceActive="true" setAsCurrent="false" songPosition="NEXT_BEAT"/>
        </flowItems>
    </beatPatternPlayer>

    <beatPatternPlayer instanceId="beatpatternplayer" triggers="fast_1_sync" delay="0">
        <flowItems>

            <add channel="string_legato_a" patternId="string_legato_a_fast_1" clearPending="true" clearPosition="NEXT_BEAT" loop="true" loopLength="64"  patternPosition="SYNC" replaceActive="true" setAsCurrent="false" songPosition="NEXT_BEAT"/>
            <add channel="string_stac_a" patternId="string_stac_a_fast" clearPending="true" clearPosition="NEXT_BEAT" loop="true" loopLength="64" patternPosition="SYNC" replaceActive="true" setAsCurrent="false" songPosition="NEXT_BEAT"/>
            <add channel="synth_arp_1_a" patternId="synth_arp_1_a_fast" clearPending="true" clearPosition="NEXT_BEAT" loop="true" loopLength="64" patternPosition="SYNC" replaceActive="true" setAsCurrent="false" songPosition="NEXT_BEAT"/>
            <add channel="synth_arp_2_a" patternId="synth_arp_2_empty" clearPending="true" clearPosition="NEXT_BEAT" loop="false" loopLength="64" patternPosition="SYNC" replaceActive="true" setAsCurrent="false" songPosition="NEXT_BEAT"/>
            <add channel="synth_bas_a" patternId="general_empty" clearPending="true" clearPosition="NEXT_BEAT" loop="true" loopLength="64" patternPosition="SYNC" replaceActive="true" setAsCurrent="false" songPosition="NEXT_BEAT"/>
            <add channel="drum_hit_a" patternId="drum_hit_a_fast" clearPending="true" clearPosition="NEXT_BEAT" loop="true" loopLength="64"  patternPosition="SYNC" replaceActive="true" setAsCurrent="false" songPosition="NEXT_BEAT"/>
            <add channel="drum_rolls_dyn_a" patternId="drum_rolls_dyn_a_fast" clearPending="true" clearPosition="NEXT_BEAT" loop="true" loopLength="64" patternPosition="SYNC" replaceActive="true" setAsCurrent="false" songPosition="NEXT_BEAT"/>
            <add channel="drum_hit_dyn_a" patternId="drum_hit_empty" clearPending="true" clearPosition="NEXT_BEAT" loop="false" loopLength="64"  patternPosition="SYNC" replaceActive="true" setAsCurrent="false" songPosition="NEXT_BEAT"/>
        	<add channel="synth_arp_1_dyn_a" patternId="synth_arp_2_empty" clearPending="true" clearPosition="NEXT_BEAT" loop="false" loopLength="64" patternPosition="SYNC" replaceActive="true" setAsCurrent="false" songPosition="NEXT_BEAT"/>
            <add channel="string_stac_dyn_a" patternId="string_stac_dyn_a_fast" clearPending="true" clearPosition="NEXT_BEAT" loop="true" loopLength="64" patternPosition="SYNC" replaceActive="true" setAsCurrent="false" songPosition="NEXT_BEAT"/>

            <add channel="synth_dist_dyn_a" patternId="synth_dist_dyn_a_empty" clearPending="true" clearPosition="NEXT_BEAT" loop="false" loopLength="64" patternPosition="SYNC" replaceActive="true" setAsCurrent="false" songPosition="NEXT_BEAT"/>
            <add channel="synth_arp_2_dyn_a" patternId="synth_arp_2_dyn_empty" clearPending="true" clearPosition="NEXT_BEAT" loop="false" loopLength="64" patternPosition="SYNC" replaceActive="true" setAsCurrent="false" songPosition="NEXT_BEAT"/>
            <add channel="synth_bas_dyn_a" patternId="synth_bas_empty" clearPending="true" clearPosition="NEXT_BEAT" loop="false" loopLength="64" patternPosition="SYNC" replaceActive="true" setAsCurrent="false" songPosition="NEXT_BEAT"/>
            <add channel="cymbal_rolls" patternId="cymbal_rolls_empty" clearPending="true" clearPosition="NEXT_BEAT" loop="false" loopLength="64" patternPosition="SYNC" replaceActive="true" setAsCurrent="false" songPosition="NEXT_BEAT"/>

            <add channel="horn_legato_a" patternId="horn_legato_empty" clearPending="true" clearPosition="NEXT_BEAT" loop="false" loopLength="64" patternPosition="SYNC" replaceActive="true" setAsCurrent="false" songPosition="NEXT_BEAT"/>

            <add channel="synth_pad_a" patternId="synth_pad_a_empty" clearPending="true" clearPosition="NEXT_BEAT" loop="false" loopLength="64" patternPosition="SYNC" replaceActive="true" setAsCurrent="false" songPosition="NEXT_BEAT"/>
            <add channel="synth_bas_a" patternId="synth_bas_empty" clearPending="true" clearPosition="NEXT_BEAT" loop="false" loopLength="64" patternPosition="SYNC" replaceActive="true" setAsCurrent="false" songPosition="NEXT_BEAT"/>
            <add channel="synth_bas_dyn2" patternId="synth_bas_empty" clearPending="true" clearPosition="NEXT_BEAT" loop="false" loopLength="64" patternPosition="SYNC" replaceActive="true" setAsCurrent="false" songPosition="NEXT_BEAT"/>
            <add channel="synth_bas_pad_a" patternId="synth_bas_pad_empty" clearPending="true" clearPosition="NEXT_BEAT" loop="false" loopLength="64" patternPosition="SYNC" replaceActive="true" setAsCurrent="false" songPosition="NEXT_BEAT"/>
            <add channel="synth_dist" patternId="synth_dist_empty" clearPending="true" clearPosition="NEXT_BEAT" loop="false" loopLength="64" patternPosition="SYNC" replaceActive="true" setAsCurrent="false" songPosition="NEXT_BEAT"/>
        </flowItems>
    </beatPatternPlayer>

    <beatPatternPlayer instanceId="beatpatternplayer" triggers="fast_2_sync" delay="0">
        <flowItems>
            <add channel="string_legato_a" patternId="string_legato_a_fast_2" clearPending="true" clearPosition="NEXT_BEAT" loop="true" loopLength="64"  patternPosition="SYNC" replaceActive="true" setAsCurrent="false" songPosition="NEXT_BEAT"/>
            <add channel="string_stac_a" patternId="string_stac_a_fast" clearPending="true" clearPosition="NEXT_BEAT" loop="true" loopLength="64" patternPosition="SYNC" replaceActive="true" setAsCurrent="false" songPosition="NEXT_BEAT"/>
            <add channel="horn_legato_a" patternId="horn_legato_a_fast_2" clearPending="true" clearPosition="NEXT_BEAT" loop="true" loopLength="64" patternPosition="SYNC" replaceActive="true" setAsCurrent="false" songPosition="NEXT_BEAT"/>
            <add channel="synth_arp_1_a" patternId="synth_arp_1_a_fast" clearPending="true" clearPosition="NEXT_BEAT" loop="true" loopLength="64" patternPosition="SYNC" replaceActive="true" setAsCurrent="false" songPosition="NEXT_BEAT"/>
            <add channel="synth_arp_2_a" patternId="synth_arp_2_dyn_empty" clearPending="true" clearPosition="NEXT_BEAT" loop="false" loopLength="64" patternPosition="SYNC" replaceActive="true" setAsCurrent="false" songPosition="NEXT_BEAT"/>
            <add channel="synth_bas_a" patternId="synth_bas_empty" clearPending="true" clearPosition="NEXT_BEAT" loop="false" loopLength="64" patternPosition="SYNC" replaceActive="true" setAsCurrent="false" songPosition="NEXT_BEAT"/>
            <add channel="synth_bas_pad_a" patternId="synth_bas_pad_a_fast_2" clearPending="true" clearPosition="NEXT_BEAT" loop="true" loopLength="64" patternPosition="SYNC" replaceActive="true" setAsCurrent="false" songPosition="NEXT_BEAT"/>
            <add channel="drum_hit_a" patternId="drum_hit_a_fast" clearPending="true" clearPosition="NEXT_BEAT" loop="true" loopLength="64"  patternPosition="SYNC" replaceActive="true" setAsCurrent="false" songPosition="NEXT_BEAT"/>
            <add channel="drum_rolls_dyn_a" patternId="drum_rolls_dyn_a_fast" clearPending="true" clearPosition="NEXT_BEAT" loop="true" loopLength="64" patternPosition="SYNC" replaceActive="true" setAsCurrent="false" songPosition="NEXT_BEAT"/>
            <add channel="drum_hit_dyn_a" patternId="drum_hit_empty" clearPending="true" clearPosition="NEXT_BEAT" loop="false" loopLength="64"  patternPosition="SYNC" replaceActive="true" setAsCurrent="false" songPosition="NEXT_BEAT"/>
        	<add channel="synth_arp_1_dyn_a" patternId="synth_arp_2_dyn_empty" clearPending="true" clearPosition="NEXT_BEAT" loop="false" loopLength="64" patternPosition="SYNC" replaceActive="true" setAsCurrent="false" songPosition="NEXT_BEAT"/>
            <add channel="string_stac_dyn_a" patternId="string_stac_dyn_a_fast" clearPending="true" clearPosition="NEXT_BEAT" loop="true" loopLength="64" patternPosition="SYNC" replaceActive="true" setAsCurrent="false" songPosition="NEXT_BEAT"/>

            <add channel="synth_dist_dyn_a" patternId="synth_dist_dyn_a_empty" clearPending="true" clearPosition="NEXT_BEAT" loop="false" loopLength="64" patternPosition="SYNC" replaceActive="true" setAsCurrent="false" songPosition="NEXT_BEAT"/>
            <add channel="synth_arp_2_dyn_a" patternId="synth_arp_2_dyn_empty" clearPending="true" clearPosition="NEXT_BEAT" loop="false" loopLength="64" patternPosition="SYNC" replaceActive="true" setAsCurrent="false" songPosition="NEXT_BEAT"/>
            <add channel="synth_bas_dyn_a" patternId="synth_bas_dyn_a_empty" clearPending="true" clearPosition="NEXT_BEAT" loop="false" loopLength="64" patternPosition="SYNC" replaceActive="true" setAsCurrent="false" songPosition="NEXT_BEAT"/>
            <add channel="cymbal_rolls" patternId="cymbal_rolls_empty" clearPending="true" clearPosition="NEXT_BEAT" loop="false" loopLength="64" patternPosition="SYNC" replaceActive="true" setAsCurrent="false" songPosition="NEXT_BEAT"/>

            <add channel="synth_pad_a" patternId="synth_pad_a_empty" clearPending="true" clearPosition="NEXT_BEAT" loop="false" loopLength="64" patternPosition="SYNC" replaceActive="true" setAsCurrent="false" songPosition="NEXT_BEAT"/>
            <add channel="synth_bas_a" patternId="synth_bas_empty" clearPending="true" clearPosition="NEXT_BEAT" loop="false" loopLength="64" patternPosition="SYNC" replaceActive="true" setAsCurrent="false" songPosition="NEXT_BEAT"/>
            <add channel="synth_bas_dyn2" patternId="synth_bas_empty" clearPending="true" clearPosition="NEXT_BEAT" loop="false" loopLength="64" patternPosition="SYNC" replaceActive="true" setAsCurrent="false" songPosition="NEXT_BEAT"/>
            <add channel="synth_dist" patternId="synth_dist_empty" clearPending="true" clearPosition="NEXT_BEAT" loop="false" loopLength="64" patternPosition="SYNC" replaceActive="true" setAsCurrent="false" songPosition="NEXT_BEAT"/>
        </flowItems>
    </beatPatternPlayer>

   <beatPatternPlayer instanceId="beatpatternplayer" triggers="normal_turn_sync" delay="0">
        <flowItems>
            <add channel="string_legato_a" patternId="string_legato_turn_normal" clearPending="true" clearPosition="NEXT_BEAT" loop="true" loopLength="64"  patternPosition="SYNC" replaceActive="true" setAsCurrent="false" songPosition="NEXT_BEAT"/>
            <add channel="synth_pad_a" patternId="synth_pad_turn_normal" clearPending="true" clearPosition="NEXT_BEAT" loop="true" loopLength="64" patternPosition="SYNC" replaceActive="true" setAsCurrent="false" songPosition="NEXT_BEAT"/>
            <add channel="synth_arp_1_dyn_a" patternId="synth_arp_1_dyn_turn_normal" clearPending="true" clearPosition="NEXT_BEAT" loop="true" loopLength="64" patternPosition="SYNC" replaceActive="true" setAsCurrent="false" songPosition="NEXT_BEAT"/>
            <add channel="synth_bas_dyn_a" patternId="general_empty" clearPending="true" clearPosition="NEXT_BEAT" loop="true" loopLength="64" patternPosition="SYNC" replaceActive="true" setAsCurrent="false" songPosition="NEXT_BEAT"/>
            <add channel="synth_bas_dyn2" patternId="general_empty" clearPending="true" clearPosition="NEXT_BEAT" loop="true" loopLength="64" patternPosition="SYNC" replaceActive="true" setAsCurrent="false" songPosition="NEXT_BEAT"/>

            <add channel="string_stac_a" patternId="general_empty" clearPending="true" clearPosition="NEXT_BEAT" loop="false" loopLength="64" patternPosition="SYNC" replaceActive="true" setAsCurrent="false" songPosition="NEXT_BEAT"/>
            <add channel="horn_legato_a" patternId="general_empty" clearPending="true" clearPosition="NEXT_BEAT" loop="false" loopLength="64" patternPosition="SYNC" replaceActive="true" setAsCurrent="false" songPosition="NEXT_BEAT"/>
            <add channel="synth_arp_1_a" patternId="general_empty" clearPending="true" clearPosition="NEXT_BEAT" loop="false" loopLength="64" patternPosition="SYNC" replaceActive="true" setAsCurrent="false" songPosition="NEXT_BEAT"/>
            <add channel="synth_arp_2_a" patternId="general_empty" clearPending="true" clearPosition="NEXT_BEAT" loop="false" loopLength="64" patternPosition="SYNC" replaceActive="true" setAsCurrent="false" songPosition="NEXT_BEAT"/>
            <add channel="synth_bas_a" patternId="general_empty" clearPending="true" clearPosition="NEXT_BEAT" loop="false" loopLength="64" patternPosition="SYNC" replaceActive="true" setAsCurrent="false" songPosition="NEXT_BEAT"/>
            <add channel="synth_bas_pad_a" patternId="general_empty" clearPending="true" clearPosition="NEXT_BEAT" loop="false" loopLength="64" patternPosition="SYNC" replaceActive="true" setAsCurrent="false" songPosition="NEXT_BEAT"/>
            <add channel="drum_hit_a" patternId="general_empty" clearPending="true" clearPosition="NEXT_BEAT" loop="false" loopLength="64"  patternPosition="SYNC" replaceActive="true" setAsCurrent="false" songPosition="NEXT_BEAT"/>
            <add channel="drum_rolls_dyn_a" patternId="general_empty" clearPending="true" clearPosition="NEXT_BEAT" loop="false" loopLength="64" patternPosition="SYNC" replaceActive="true" setAsCurrent="false" songPosition="NEXT_BEAT"/>
            <add channel="drum_hit_dyn_a" patternId="general_empty" clearPending="true" clearPosition="NEXT_BEAT" loop="false" loopLength="64"  patternPosition="SYNC" replaceActive="true" setAsCurrent="false" songPosition="NEXT_BEAT"/>
            <add channel="string_stac_dyn_a" patternId="general_empty" clearPending="true" clearPosition="NEXT_BEAT" loop="false" loopLength="64" patternPosition="SYNC" replaceActive="true" setAsCurrent="false" songPosition="NEXT_BEAT"/>

            <add channel="synth_dist_dyn_a" patternId="synth_dist_dyn_a" clearPending="true" clearPosition="NEXT_BEAT" loop="false" loopLength="64" patternPosition="SYNC" replaceActive="true" setAsCurrent="false" songPosition="NEXT_BEAT"/>
            <add channel="synth_arp_2_dyn_a" patternId="general_empty" clearPending="true" clearPosition="NEXT_BEAT" loop="false" loopLength="64" patternPosition="SYNC" replaceActive="true" setAsCurrent="false" songPosition="NEXT_BEAT"/>
            <add channel="cymbal_rolls" patternId="general_empty" clearPending="true" clearPosition="NEXT_BEAT" loop="false" loopLength="64" patternPosition="SYNC" replaceActive="true" setAsCurrent="false" songPosition="NEXT_BEAT"/>

            <add channel="horn_legato_a" patternId="general_empty" clearPending="true" clearPosition="NEXT_BEAT" loop="false" loopLength="64" patternPosition="SYNC" replaceActive="true" setAsCurrent="false" songPosition="NEXT_BEAT"/>
            <add channel="synth_dist" patternId="general_empty" clearPending="true" clearPosition="NEXT_BEAT" loop="false" loopLength="64" patternPosition="SYNC" replaceActive="true" setAsCurrent="false" songPosition="NEXT_BEAT"/>
        </flowItems>
    </beatPatternPlayer>

    <beatPatternPlayer instanceId="beatpatternplayer" triggers="medium_turn_sync" delay="0">
        <flowItems>
            <add channel="string_legato_a" patternId="string_legato_turn_medium" clearPending="true" clearPosition="NEXT_BAR" loop="true" loopLength="64"  patternPosition="SYNC" replaceActive="true" setAsCurrent="false" songPosition="NEXT_BAR"/>
            <add channel="synth_arp_1_a" patternId="synth_arp_1_turn_medium" clearPending="true" clearPosition="NEXT_BAR" loop="true" loopLength="64" patternPosition="SYNC" replaceActive="true" setAsCurrent="false" songPosition="NEXT_BAR"/>
            <add channel="synth_pad_a" patternId="synth_pad_turn_medium" clearPending="true" clearPosition="NEXT_BAR" loop="true" loopLength="64" patternPosition="SYNC" replaceActive="true" setAsCurrent="false" songPosition="NEXT_BAR"/>
            <add channel="synth_arp_1_dyn_a" patternId="synth_arp_1_dyn_turn_medium" clearPending="true" clearPosition="NEXT_BAR" loop="true" loopLength="64" patternPosition="SYNC" replaceActive="true" setAsCurrent="false" songPosition="NEXT_BAR"/>
            <add channel="synth_arp_2_dyn_a" patternId="general_empty" clearPending="true" clearPosition="NEXT_BAR" loop="true" loopLength="64" patternPosition="SYNC" replaceActive="true" setAsCurrent="false" songPosition="NEXT_BAR"/>
            <add channel="synth_bas_dyn_a" patternId="general_empty" clearPending="true" clearPosition="NEXT_BAR" loop="true" loopLength="64" patternPosition="SYNC" replaceActive="true" setAsCurrent="false" songPosition="NEXT_BAR"/>
            <add channel="synth_dist_dyn_a" patternId="general_empty" clearPending="true" clearPosition="NEXT_BAR" loop="true" loopLength="64" patternPosition="SYNC" replaceActive="true" setAsCurrent="false" songPosition="NEXT_BAR"/>
            <add channel="synth_bas_dyn2" patternId="synth_bas_dyn2_turn_medium" clearPending="true" clearPosition="NEXT_BAR" loop="true" loopLength="64" patternPosition="SYNC" replaceActive="true" setAsCurrent="false" songPosition="NEXT_BAR"/>

            <add channel="string_stac_a" patternId="general_empty" clearPending="true" clearPosition="NEXT_BAR" loop="false" loopLength="64" patternPosition="SYNC" replaceActive="true" setAsCurrent="false" songPosition="NEXT_BAR"/>
            <add channel="horn_legato_a" patternId="general_empty" clearPending="true" clearPosition="NEXT_BAR" loop="false" loopLength="64" patternPosition="SYNC" replaceActive="true" setAsCurrent="false" songPosition="NEXT_BAR"/>
            <add channel="synth_arp_2_a" patternId="general_empty" clearPending="true" clearPosition="NEXT_BAR" loop="false" loopLength="64" patternPosition="SYNC" replaceActive="true" setAsCurrent="false" songPosition="NEXT_BAR"/>
            <add channel="synth_bas_a" patternId="general_empty" clearPending="true" clearPosition="NEXT_BAR" loop="false" loopLength="64" patternPosition="SYNC" replaceActive="true" setAsCurrent="false" songPosition="NEXT_BAR"/>
            <add channel="synth_bas_pad_a" patternId="general_empty" clearPending="true" clearPosition="NEXT_BAR" loop="false" loopLength="64" patternPosition="SYNC" replaceActive="true" setAsCurrent="false" songPosition="NEXT_BAR"/>
            <add channel="drum_hit_a" patternId="general_empty" clearPending="true" clearPosition="NEXT_BAR" loop="false" loopLength="64"  patternPosition="SYNC" replaceActive="true" setAsCurrent="false" songPosition="NEXT_BAR"/>
            <add channel="drum_rolls_dyn_a" patternId="general_empty" clearPending="true" clearPosition="NEXT_BAR" loop="false" loopLength="64" patternPosition="SYNC" replaceActive="true" setAsCurrent="false" songPosition="NEXT_BAR"/>
            <add channel="drum_hit_dyn_a" patternId="general_empty" clearPending="true" clearPosition="NEXT_BAR" loop="false" loopLength="64"  patternPosition="SYNC" replaceActive="true" setAsCurrent="false" songPosition="NEXT_BAR"/>
            <add channel="string_stac_dyn_a" patternId="general_empty" clearPending="true" clearPosition="NEXT_BAR" loop="false" loopLength="64" patternPosition="SYNC" replaceActive="true" setAsCurrent="false" songPosition="NEXT_BAR"/>

            <add channel="cymbal_rolls" patternId="general_empty" clearPending="true" clearPosition="NEXT_BAR" loop="false" loopLength="64" patternPosition="SYNC" replaceActive="true" setAsCurrent="false" songPosition="NEXT_BAR"/>

            <add channel="horn_legato_a" patternId="general_empty" clearPending="true" clearPosition="NEXT_BAR" loop="false" loopLength="64" patternPosition="SYNC" replaceActive="true" setAsCurrent="false" songPosition="NEXT_BAR"/>
            <add channel="synth_dist" patternId="general_empty" clearPending="true" clearPosition="NEXT_BAR" loop="false" loopLength="64" patternPosition="SYNC" replaceActive="true" setAsCurrent="false" songPosition="NEXT_BAR"/>
        </flowItems>
    </beatPatternPlayer>

    <beatPatternPlayer instanceId="beatpatternplayer" triggers="fast_1_turn_sync" delay="0">
        <flowItems>
            <add channel="string_legato_a" patternId="string_legato_turn_fast_1" clearPending="true" clearPosition="NEXT_BEAT" loop="true" loopLength="64"  patternPosition="SYNC" replaceActive="true" setAsCurrent="false" songPosition="NEXT_BAR"/>
            <add channel="synth_arp_1_a" patternId="synth_arp_1_turn_fast" clearPending="true" clearPosition="NEXT_BEAT" loop="true" loopLength="64" patternPosition="SYNC" replaceActive="true" setAsCurrent="false" songPosition="NEXT_BAR"/>
            <add channel="synth_arp_2_a" patternId="general_empty" clearPending="true" clearPosition="NEXT_BEAT" loop="true" loopLength="64" patternPosition="SYNC" replaceActive="true" setAsCurrent="false" songPosition="NEXT_BAR"/>
            <add channel="synth_bas_a" patternId="general_empty" clearPending="true" clearPosition="NEXT_BEAT" loop="true" loopLength="64" patternPosition="SYNC" replaceActive="true" setAsCurrent="false" songPosition="NEXT_BAR"/>
            <add channel="drum_hit_a" patternId="drum_hit_turn_fast" clearPending="true" clearPosition="NEXT_BEAT" loop="true" loopLength="64"  patternPosition="SYNC" replaceActive="true" setAsCurrent="false" songPosition="NEXT_BAR"/>
            <add channel="synth_arp_1_dyn_a" patternId="general_empty" clearPending="true" clearPosition="NEXT_BEAT" loop="true" loopLength="64" patternPosition="SYNC" replaceActive="true" setAsCurrent="false" songPosition="NEXT_BAR"/>
            <add channel="synth_bas_dyn_a" patternId="general_empty" clearPending="true" clearPosition="NEXT_BEAT" loop="true" loopLength="64" patternPosition="SYNC" replaceActive="true" setAsCurrent="false" songPosition="NEXT_BAR"/>
            <add channel="synth_dist_dyn_a" patternId="general_empty" clearPending="true" clearPosition="NEXT_BEAT" loop="true" loopLength="64" patternPosition="SYNC" replaceActive="true" setAsCurrent="false" songPosition="NEXT_BAR"/>
            <add channel="synth_bas_dyn2" patternId="synth_bas_dyn2_turn_fast" clearPending="true" clearPosition="NEXT_BEAT" loop="true" loopLength="64" patternPosition="SYNC" replaceActive="true" setAsCurrent="false" songPosition="NEXT_BAR"/>


            <add channel="synth_pad_a" patternId="general_empty" clearPending="true" clearPosition="NEXT_BEAT" loop="false" loopLength="64" patternPosition="SYNC" replaceActive="true" setAsCurrent="false" songPosition="NEXT_BEAT"/>
            <add channel="synth_arp_2_dyn_a" patternId="general_empty" clearPending="true" clearPosition="NEXT_BEAT" loop="false" loopLength="64" patternPosition="SYNC" replaceActive="true" setAsCurrent="false" songPosition="NEXT_BEAT"/>
            <add channel="string_stac_a" patternId="general_empty" clearPending="true" clearPosition="NEXT_BEAT" loop="false" loopLength="64" patternPosition="SYNC" replaceActive="true" setAsCurrent="false" songPosition="NEXT_BEAT"/>
            <add channel="horn_legato_a" patternId="general_empty" clearPending="true" clearPosition="NEXT_BEAT" loop="false" loopLength="64" patternPosition="SYNC" replaceActive="true" setAsCurrent="false" songPosition="NEXT_BEAT"/>
            <add channel="synth_bas_pad_a" patternId="general_empty" clearPending="true" clearPosition="NEXT_BEAT" loop="false" loopLength="64" patternPosition="SYNC" replaceActive="true" setAsCurrent="false" songPosition="NEXT_BEAT"/>
            <add channel="drum_rolls_dyn_a" patternId="general_empty" clearPending="true" clearPosition="NEXT_BEAT" loop="false" loopLength="64" patternPosition="SYNC" replaceActive="true" setAsCurrent="false" songPosition="NEXT_BEAT"/>
            <add channel="drum_hit_dyn_a" patternId="general_empty" clearPending="true" clearPosition="NEXT_BEAT" loop="false" loopLength="64"  patternPosition="SYNC" replaceActive="true" setAsCurrent="false" songPosition="NEXT_BEAT"/>
            <add channel="string_stac_dyn_a" patternId="general_empty" clearPending="true" clearPosition="NEXT_BEAT" loop="false" loopLength="64" patternPosition="SYNC" replaceActive="true" setAsCurrent="false" songPosition="NEXT_BEAT"/>
            <add channel="cymbal_rolls" patternId="general_empty" clearPending="true" clearPosition="NEXT_BEAT" loop="false" loopLength="64" patternPosition="SYNC" replaceActive="true" setAsCurrent="false" songPosition="NEXT_BEAT"/>
            <add channel="horn_legato_a" patternId="general_empty" clearPending="true" clearPosition="NEXT_BEAT" loop="false" loopLength="64" patternPosition="SYNC" replaceActive="true" setAsCurrent="false" songPosition="NEXT_BEAT"/>
            <add channel="synth_dist" patternId="general_empty" clearPending="true" clearPosition="NEXT_BEAT" loop="false" loopLength="64" patternPosition="SYNC" replaceActive="true" setAsCurrent="false" songPosition="NEXT_BEAT"/>
        </flowItems>
    </beatPatternPlayer>

    <beatPatternPlayer instanceId="beatpatternplayer" triggers="fast_2_turn_sync" delay="0">
        <flowItems>
            <add channel="string_legato_a" patternId="string_legato_turn_fast_2" clearPending="true" clearPosition="NEXT_BEAT" loop="true" loopLength="64"  patternPosition="SYNC" replaceActive="true" setAsCurrent="false" songPosition="NEXT_BEAT"/>
            <add channel="horn_legato_a" patternId="horn_legato_turn_fast_2" clearPending="true" clearPosition="NEXT_BEAT" loop="true" loopLength="64" patternPosition="SYNC" replaceActive="true" setAsCurrent="false" songPosition="NEXT_BEAT"/>
            <add channel="synth_arp_1_a" patternId="synth_arp_1_turn_fast" clearPending="true" clearPosition="NEXT_BEAT" loop="true" loopLength="64" patternPosition="SYNC" replaceActive="true" setAsCurrent="false" songPosition="NEXT_BEAT"/>
            <add channel="synth_arp_2_a" patternId="general_empty" clearPending="true" clearPosition="NEXT_BEAT" loop="true" loopLength="64" patternPosition="SYNC" replaceActive="true" setAsCurrent="false" songPosition="NEXT_BEAT"/>
            <add channel="synth_bas_a" patternId="general_empty" clearPending="true" clearPosition="NEXT_BEAT" loop="true" loopLength="64" patternPosition="SYNC" replaceActive="true" setAsCurrent="false" songPosition="NEXT_BEAT"/>
            <add channel="synth_bas_pad_a" patternId="synth_bas_pad_turn_fast_2" clearPending="true" clearPosition="NEXT_BEAT" loop="true" loopLength="64" patternPosition="SYNC" replaceActive="true" setAsCurrent="false" songPosition="NEXT_BEAT"/>
            <add channel="drum_hit_a" patternId="drum_hit_turn_fast" clearPending="true" clearPosition="NEXT_BEAT" loop="true" loopLength="64"  patternPosition="SYNC" replaceActive="true" setAsCurrent="false" songPosition="NEXT_BEAT"/>
            <add channel="synth_arp_1_dyn_a" patternId="general_empty" clearPending="true" clearPosition="NEXT_BEAT" loop="true" loopLength="64" patternPosition="SYNC" replaceActive="true" setAsCurrent="false" songPosition="NEXT_BEAT"/>
            <add channel="synth_bas_dyn_a" patternId="general_empty" clearPending="true" clearPosition="NEXT_BEAT" loop="true" loopLength="64" patternPosition="SYNC" replaceActive="true" setAsCurrent="false" songPosition="NEXT_BEAT"/>
            <add channel="synth_bas_dyn2" patternId="synth_bas_dyn2_turn_fast" clearPending="true" clearPosition="NEXT_BEAT" loop="true" loopLength="64" patternPosition="SYNC" replaceActive="true" setAsCurrent="false" songPosition="NEXT_BEAT"/>
            <add channel="synth_dist_dyn_a" patternId="general_empty" clearPending="true" clearPosition="NEXT_BEAT" loop="false" loopLength="64" patternPosition="SYNC" replaceActive="true" setAsCurrent="false" songPosition="NEXT_BEAT"/>

            <add channel="synth_pad_a" patternId="synth_pad_empty" clearPending="true" clearPosition="NEXT_BEAT" loop="false" loopLength="64" patternPosition="SYNC" replaceActive="true" setAsCurrent="false" songPosition="NEXT_BEAT"/>
            <add channel="synth_arp_2_dyn_a" patternId="general_empty" clearPending="true" clearPosition="NEXT_BEAT" loop="false" loopLength="64" patternPosition="SYNC" replaceActive="true" setAsCurrent="false" songPosition="NEXT_BEAT"/>
            <add channel="string_stac_a" patternId="general_empty" clearPending="true" clearPosition="NEXT_BEAT" loop="false" loopLength="64" patternPosition="SYNC" replaceActive="true" setAsCurrent="false" songPosition="NEXT_BEAT"/>
            <add channel="horn_legato_a" patternId="general_empty" clearPending="true" clearPosition="NEXT_BEAT" loop="false" loopLength="64" patternPosition="SYNC" replaceActive="true" setAsCurrent="false" songPosition="NEXT_BEAT"/>
            <add channel="drum_rolls_dyn_a" patternId="general_empty" clearPending="true" clearPosition="NEXT_BEAT" loop="false" loopLength="64" patternPosition="SYNC" replaceActive="true" setAsCurrent="false" songPosition="NEXT_BEAT"/>
            <add channel="drum_hit_dyn_a" patternId="general_empty" clearPending="true" clearPosition="NEXT_BEAT" loop="false" loopLength="64"  patternPosition="SYNC" replaceActive="true" setAsCurrent="false" songPosition="NEXT_BEAT"/>
            <add channel="string_stac_dyn_a" patternId="general_empty" clearPending="true" clearPosition="NEXT_BEAT" loop="false" loopLength="64" patternPosition="SYNC" replaceActive="true" setAsCurrent="false" songPosition="NEXT_BEAT"/>
            <add channel="cymbal_rolls" patternId="general_empty" clearPending="true" clearPosition="NEXT_BEAT" loop="false" loopLength="64" patternPosition="SYNC" replaceActive="true" setAsCurrent="false" songPosition="NEXT_BEAT"/>
            <add channel="synth_dist" patternId="general_empty" clearPending="true" clearPosition="NEXT_BEAT" loop="false" loopLength="64" patternPosition="SYNC" replaceActive="true" setAsCurrent="false" songPosition="NEXT_BEAT"/>
        </flowItems>
    </beatPatternPlayer>

    <beatPatternPlayer instanceId="beatpatternplayer" triggers="normal_first_beat_after_turn" delay="0">
        <flowItems>
            <add channel="transpoe_channel" patternId="transpose_pattern" clearPending="true" clearPosition="NEXT_BAR" loop="false" loopLength="64"  patternPosition="FIRST_BEAT" replaceActive="true" setAsCurrent="false" songPosition="NEXT_BAR"/>
            <add channel="cymbal_rolls" patternId="cymbal_rolls_empty" clearPending="true" clearPosition="NEXT_BAR" loop="false" loopLength="64" patternPosition="FIRST_BEAT" replaceActive="true" setAsCurrent="false" songPosition="NEXT_BAR"/>
            <add channel="sync_channel" patternId="sync_channel" clearPending="true" clearPosition="NEXT_BAR" loop="true" loopLength="64" patternPosition="FIRST_BEAT" replaceActive="true" setAsCurrent="true" songPosition="NEXT_BAR"/>
            <add channel="synth_pad_a" patternId="synth_pad_a_normal" clearPending="true" clearPosition="NEXT_BAR" loop="true" loopLength="64" patternPosition="FIRST_BEAT" replaceActive="true" setAsCurrent="false" songPosition="NEXT_BAR"/>
            <add channel="string_legato_a" patternId="string_legato_a_normal" clearPending="true" clearPosition="NEXT_BAR" loop="true" loopLength="64"  patternPosition="FIRST_BEAT" replaceActive="true" setAsCurrent="false" songPosition="NEXT_BAR"/>
            <add channel="string_stac_a" patternId="string_stac_a_normal" clearPending="true" clearPosition="NEXT_BAR" loop="true" loopLength="64" patternPosition="FIRST_BEAT" replaceActive="true" setAsCurrent="false" songPosition="NEXT_BAR"/>
            <add channel="string_stac_dyn_a" patternId="string_stac_dyn_a_normal" clearPending="true" clearPosition="NEXT_BAR" loop="true" loopLength="64" patternPosition="FIRST_BEAT" replaceActive="true" setAsCurrent="false" songPosition="NEXT_BAR"/>
        	<add channel="synth_arp_1_dyn_a" patternId="synth_arp_1_dyn_a_normal" clearPending="true" clearPosition="NEXT_BAR" loop="true" loopLength="64" patternPosition="FIRST_BEAT" replaceActive="true" setAsCurrent="false" songPosition="NEXT_BAR"/>
            <add channel="synth_bas_dyn_a" patternId="general_empty" clearPending="true" clearPosition="NEXT_BAR" loop="true" loopLength="64" patternPosition="FIRST_BEAT" replaceActive="true" setAsCurrent="false" songPosition="NEXT_BAR"/>

            <add channel="horn_legato_a" patternId="horn_legato_empty" clearPending="true" clearPosition="NEXT_BAR" loop="false" loopLength="64" patternPosition="FIRST_BEAT" replaceActive="true" setAsCurrent="false" songPosition="NEXT_BAR"/>
            <add channel="synth_arp_1_a" patternId="synth_arp_1_empty" clearPending="true" clearPosition="NEXT_BAR" loop="false" loopLength="64" patternPosition="FIRST_BEAT" replaceActive="true" setAsCurrent="false" songPosition="NEXT_BAR"/>
            <add channel="synth_arp_2_a" patternId="synth_arp_2_empty" clearPending="true" clearPosition="NEXT_BAR" loop="false" loopLength="64" patternPosition="FIRST_BEAT" replaceActive="true" setAsCurrent="false" songPosition="NEXT_BAR"/>
            <add channel="synth_bas_a" patternId="synth_bas_empty" clearPending="true" clearPosition="NEXT_BAR" loop="false" loopLength="64" patternPosition="FIRST_BEAT" replaceActive="true" setAsCurrent="false" songPosition="NEXT_BAR"/>
            <add channel="synth_bas_pad_a" patternId="synth_bas_pad_empty" clearPending="true" clearPosition="NEXT_BAR" loop="false" loopLength="64" patternPosition="FIRST_BEAT" replaceActive="true" setAsCurrent="false" songPosition="NEXT_BAR"/>
            <add channel="drum_hit_a" patternId="drum_hit_empty" clearPending="true" clearPosition="NEXT_BAR" loop="false" loopLength="64"  patternPosition="FIRST_BEAT" replaceActive="true" setAsCurrent="false" songPosition="NEXT_BAR"/>
            <add channel="synth_bas_dyn2" patternId="synth_bas_dyn2_empty" clearPending="true" clearPosition="NEXT_BAR" loop="false" loopLength="64" patternPosition="FIRST_BEAT" replaceActive="true" setAsCurrent="false" songPosition="NEXT_BAR"/>
            <add channel="synth_dist_dyn_a" patternId="general_empty" clearPending="true" clearPosition="NEXT_BAR" loop="false" loopLength="64" patternPosition="FIRST_BEAT" replaceActive="true" setAsCurrent="false" songPosition="NEXT_BAR"/>
            <add channel="synth_arp_2_dyn_a" patternId="synth_arp_2_dyn_empty" clearPending="true" clearPosition="NEXT_BAR" loop="false" loopLength="64" patternPosition="FIRST_BEAT" replaceActive="true" setAsCurrent="false" songPosition="NEXT_BAR"/>
            <add channel="horn_legato_a" patternId="horn_legato_empty" clearPending="true" clearPosition="NEXT_BAR" loop="false" loopLength="64" patternPosition="FIRST_BEAT" replaceActive="true" setAsCurrent="false" songPosition="NEXT_BAR"/>
            <add channel="drum_rolls_dyn_a" patternId="general_empty" clearPending="true" clearPosition="NEXT_BAR" loop="false" loopLength="64" patternPosition="FIRST_BEAT" replaceActive="true" setAsCurrent="false" songPosition="NEXT_BAR"/>
            <add channel="drum_hit_dyn_a" patternId="drum_hit_dyn_empty" clearPending="true" clearPosition="NEXT_BAR" loop="false" loopLength="64"  patternPosition="FIRST_BEAT" replaceActive="true" setAsCurrent="false" songPosition="NEXT_BAR"/>
            <add channel="synth_dist" patternId="synth_dist_empty" clearPending="true" clearPosition="NEXT_BAR" loop="false" loopLength="64" patternPosition="FIRST_BEAT" replaceActive="true" setAsCurrent="false" songPosition="NEXT_BAR"/>
        </flowItems>
    </beatPatternPlayer>

    <beatPatternPlayer instanceId="beatpatternplayer" triggers="medium_1_first_beat" delay="0">
        <flowItems>
            <add channel="transpoe_channel" patternId="transpose_pattern" clearPending="true" clearPosition="NEXT_BAR" loop="false" loopLength="64"  patternPosition="FIRST_BEAT" replaceActive="true" setAsCurrent="false" songPosition="NEXT_BAR"/>
            <add channel="cymbal_rolls" patternId="cymbal_rolls_hit" clearPending="true" clearPosition="NEXT_BAR" loop="false" loopLength="64" patternPosition="FIRST_BEAT" replaceActive="true" setAsCurrent="false" songPosition="NEXT_BAR"/>
            <add channel="sync_channel" patternId="sync_channel" clearPending="true" clearPosition="NEXT_BAR" loop="true" loopLength="64" patternPosition="FIRST_BEAT" replaceActive="true" setAsCurrent="true" songPosition="NEXT_BAR"/>
            <add channel="synth_pad_a" patternId="synth_pad_a_medium_1" clearPending="true" clearPosition="NEXT_BAR" loop="true" loopLength="64" patternPosition="FIRST_BEAT" replaceActive="true" setAsCurrent="false" songPosition="NEXT_BAR"/>
            <add channel="string_legato_a" patternId="string_legato_a_medium_1" clearPending="true" clearPosition="NEXT_BAR" loop="true" loopLength="64"  patternPosition="FIRST_BEAT" replaceActive="true" setAsCurrent="false" songPosition="NEXT_BAR"/>
            <add channel="string_stac_a" patternId="string_stac_a_medium" clearPending="true" clearPosition="NEXT_BAR" loop="true" loopLength="64" patternPosition="FIRST_BEAT" replaceActive="true" setAsCurrent="false" songPosition="NEXT_BAR"/>
            <add channel="synth_arp_1_a" patternId="synth_arp_1_a_medium" clearPending="true" clearPosition="NEXT_BAR" loop="true" loopLength="64" patternPosition="FIRST_BEAT" replaceActive="true" setAsCurrent="false" songPosition="NEXT_BAR"/>
            <add channel="string_stac_dyn_a" patternId="string_stac_dyn_a_medium" clearPending="true" clearPosition="NEXT_BAR" loop="true" loopLength="64" patternPosition="FIRST_BEAT" replaceActive="true" setAsCurrent="false" songPosition="NEXT_BAR"/>
            <add channel="synth_dist_dyn_a" patternId="synth_dist_dyn_a_medium" clearPending="true" clearPosition="NEXT_BAR" loop="true" loopLength="64" patternPosition="FIRST_BEAT" replaceActive="true" setAsCurrent="false" songPosition="NEXT_BAR"/>
            <add channel="synth_bas_dyn_a" patternId="general_empty" clearPending="true" clearPosition="NEXT_BAR" loop="true" loopLength="64" patternPosition="FIRST_BEAT" replaceActive="true" setAsCurrent="false" songPosition="NEXT_BAR"/>
        	<add channel="synth_arp_1_dyn_a" patternId="synth_arp_1_dyn_a_medium" clearPending="true" clearPosition="NEXT_BAR" loop="true" loopLength="64" patternPosition="FIRST_BEAT" replaceActive="true" setAsCurrent="false" songPosition="NEXT_BAR"/>
            <add channel="synth_arp_2_dyn_a" patternId="general_empty" clearPending="true" clearPosition="NEXT_BAR" loop="true" loopLength="64" patternPosition="FIRST_BEAT" replaceActive="true" setAsCurrent="false" songPosition="NEXT_BAR"/>

            <add channel="horn_legato_a" patternId="horn_legato_empty" clearPending="true" clearPosition="NEXT_BAR" loop="false" loopLength="64" patternPosition="FIRST_BEAT" replaceActive="true" setAsCurrent="false" songPosition="NEXT_BAR"/>
            <add channel="synth_arp_2_a" patternId="synth_arp_2_empty" clearPending="true" clearPosition="NEXT_BAR" loop="false" loopLength="64" patternPosition="FIRST_BEAT" replaceActive="true" setAsCurrent="false" songPosition="NEXT_BAR"/>
            <add channel="synth_bas_a" patternId="synth_bas_empty" clearPending="true" clearPosition="NEXT_BAR" loop="false" loopLength="64" patternPosition="FIRST_BEAT" replaceActive="true" setAsCurrent="false" songPosition="NEXT_BAR"/>
            <add channel="synth_bas_pad_a" patternId="synth_bas_pad_empty" clearPending="true" clearPosition="NEXT_BAR" loop="false" loopLength="64" patternPosition="FIRST_BEAT" replaceActive="true" setAsCurrent="false" songPosition="NEXT_BAR"/>
            <add channel="drum_hit_a" patternId="drum_hit_empty" clearPending="true" clearPosition="NEXT_BAR" loop="false" loopLength="64"  patternPosition="FIRST_BEAT" replaceActive="true" setAsCurrent="false" songPosition="NEXT_BAR"/>
            <add channel="synth_bas_dyn2" patternId="synth_bas_dyn2_empty" clearPending="true" clearPosition="NEXT_BAR" loop="false" loopLength="64" patternPosition="FIRST_BEAT" replaceActive="true" setAsCurrent="false" songPosition="NEXT_BAR"/>
            <add channel="horn_legato_a" patternId="horn_legato_empty" clearPending="true" clearPosition="NEXT_BAR" loop="false" loopLength="64" patternPosition="FIRST_BEAT" replaceActive="true" setAsCurrent="false" songPosition="NEXT_BAR"/>
            <add channel="drum_rolls_dyn_a" patternId="general_empty" clearPending="true" clearPosition="NEXT_BAR" loop="false" loopLength="64" patternPosition="FIRST_BEAT" replaceActive="true" setAsCurrent="false" songPosition="NEXT_BAR"/>
            <add channel="drum_hit_dyn_a" patternId="drum_hit_dyn_empty" clearPending="true" clearPosition="NEXT_BAR" loop="false" loopLength="64"  patternPosition="FIRST_BEAT" replaceActive="true" setAsCurrent="false" songPosition="NEXT_BAR"/>
            <add channel="synth_dist" patternId="synth_dist_empty" clearPending="true" clearPosition="NEXT_BAR" loop="false" loopLength="64" patternPosition="FIRST_BEAT" replaceActive="true" setAsCurrent="false" songPosition="NEXT_BAR"/>
        </flowItems>
    </beatPatternPlayer>

    <beatPatternPlayer instanceId="beatpatternplayer" triggers="medium_2_first_beat" delay="0">
        <flowItems>
            <add channel="transpoe_channel" patternId="transpose_pattern" clearPending="true" clearPosition="NEXT_BAR" loop="false" loopLength="64"  patternPosition="FIRST_BEAT" replaceActive="true" setAsCurrent="false" songPosition="NEXT_BAR"/>
            <add channel="cymbal_rolls" patternId="cymbal_rolls_hit" clearPending="true" clearPosition="NEXT_BAR" loop="false" loopLength="64" patternPosition="FIRST_BEAT" replaceActive="true" setAsCurrent="false" songPosition="NEXT_BAR"/>
            <add channel="sync_channel" patternId="sync_channel" clearPending="true" clearPosition="NEXT_BAR" loop="true" loopLength="64" patternPosition="FIRST_BEAT" replaceActive="true" setAsCurrent="true" songPosition="NEXT_BAR"/>
            <add channel="synth_pad_a" patternId="synth_pad_a_medium_2" clearPending="true" clearPosition="NEXT_BAR" loop="true" loopLength="64" patternPosition="FIRST_BEAT" replaceActive="true" setAsCurrent="false" songPosition="NEXT_BAR"/>
            <add channel="string_legato_a" patternId="string_legato_a_medium_2" clearPending="true" clearPosition="NEXT_BAR" loop="true" loopLength="64"  patternPosition="FIRST_BEAT" replaceActive="true" setAsCurrent="false" songPosition="NEXT_BAR"/>
            <add channel="string_stac_a" patternId="string_stac_a_medium" clearPending="true" clearPosition="NEXT_BAR" loop="true" loopLength="64" patternPosition="FIRST_BEAT" replaceActive="true" setAsCurrent="false" songPosition="NEXT_BAR"/>
            <add channel="synth_arp_1_a" patternId="synth_arp_1_a_medium" clearPending="true" clearPosition="NEXT_BAR" loop="true" loopLength="64" patternPosition="FIRST_BEAT" replaceActive="true" setAsCurrent="false" songPosition="NEXT_BAR"/>
            <add channel="string_stac_dyn_a" patternId="string_stac_dyn_a_medium" clearPending="true" clearPosition="NEXT_BAR" loop="true" loopLength="64" patternPosition="FIRST_BEAT" replaceActive="true" setAsCurrent="false" songPosition="NEXT_BAR"/>
            <add channel="synth_bas_dyn_a" patternId="general_empty" clearPending="true" clearPosition="NEXT_BAR" loop="true" loopLength="64" patternPosition="FIRST_BEAT" replaceActive="true" setAsCurrent="false" songPosition="NEXT_BAR"/>
            <add channel="synth_dist_dyn_a" patternId="synth_dist_dyn_a_medium" clearPending="true" clearPosition="NEXT_BAR" loop="true" loopLength="64" patternPosition="FIRST_BEAT" replaceActive="true" setAsCurrent="false" songPosition="NEXT_BAR"/>
        	<add channel="synth_arp_1_dyn_a" patternId="synth_arp_1_dyn_a_medium" clearPending="true" clearPosition="NEXT_BAR" loop="true" loopLength="64" patternPosition="FIRST_BEAT" replaceActive="true" setAsCurrent="false" songPosition="NEXT_BAR"/>
            <add channel="synth_arp_2_dyn_a" patternId="general_empty" clearPending="true" clearPosition="NEXT_BAR" loop="true" loopLength="64" patternPosition="FIRST_BEAT" replaceActive="true" setAsCurrent="false" songPosition="NEXT_BAR"/>

            <add channel="horn_legato_a" patternId="horn_legato_empty" clearPending="true" clearPosition="NEXT_BAR" loop="false" loopLength="64" patternPosition="FIRST_BEAT" replaceActive="true" setAsCurrent="false" songPosition="NEXT_BAR"/>
            <add channel="synth_arp_2_a" patternId="synth_arp_2_empty" clearPending="true" clearPosition="NEXT_BAR" loop="false" loopLength="64" patternPosition="FIRST_BEAT" replaceActive="true" setAsCurrent="false" songPosition="NEXT_BAR"/>
            <add channel="synth_bas_a" patternId="synth_bas_empty" clearPending="true" clearPosition="NEXT_BAR" loop="false" loopLength="64" patternPosition="FIRST_BEAT" replaceActive="true" setAsCurrent="false" songPosition="NEXT_BAR"/>
            <add channel="synth_bas_pad_a" patternId="synth_bas_pad_empty" clearPending="true" clearPosition="NEXT_BAR" loop="false" loopLength="64" patternPosition="FIRST_BEAT" replaceActive="true" setAsCurrent="false" songPosition="NEXT_BAR"/>
            <add channel="drum_hit_a" patternId="drum_hit_empty" clearPending="true" clearPosition="NEXT_BAR" loop="false" loopLength="64"  patternPosition="FIRST_BEAT" replaceActive="true" setAsCurrent="false" songPosition="NEXT_BAR"/>
            <add channel="synth_bas_dyn2" patternId="synth_bas_dyn2_empty" clearPending="true" clearPosition="NEXT_BAR" loop="false" loopLength="64" patternPosition="FIRST_BEAT" replaceActive="true" setAsCurrent="false" songPosition="NEXT_BAR"/>
            <add channel="horn_legato_a" patternId="horn_legato_empty" clearPending="true" clearPosition="NEXT_BAR" loop="false" loopLength="64" patternPosition="FIRST_BEAT" replaceActive="true" setAsCurrent="false" songPosition="NEXT_BAR"/>
            <add channel="drum_rolls_dyn_a" patternId="general_empty" clearPending="true" clearPosition="NEXT_BAR" loop="false" loopLength="64" patternPosition="FIRST_BEAT" replaceActive="true" setAsCurrent="false" songPosition="NEXT_BAR"/>
            <add channel="drum_hit_dyn_a" patternId="drum_hit_dyn_empty" clearPending="true" clearPosition="NEXT_BAR" loop="false" loopLength="64"  patternPosition="FIRST_BEAT" replaceActive="true" setAsCurrent="false" songPosition="NEXT_BAR"/>
            <add channel="synth_dist" patternId="synth_dist_empty" clearPending="true" clearPosition="NEXT_BAR" loop="false" loopLength="64" patternPosition="FIRST_BEAT" replaceActive="true" setAsCurrent="false" songPosition="NEXT_BAR"/>
        </flowItems>
    </beatPatternPlayer>

    <beatPatternPlayer instanceId="beatpatternplayer" triggers="fast_1_first_beat" delay="0">
        <flowItems>
            <add channel="transpoe_channel" patternId="transpose_pattern" clearPending="true" clearPosition="NEXT_BAR" loop="false" loopLength="64"  patternPosition="FIRST_BEAT" replaceActive="true" setAsCurrent="false" songPosition="NEXT_BAR"/>
            <add channel="cymbal_rolls" patternId="cymbal_rolls_hit" clearPending="true" clearPosition="NEXT_BAR" loop="false" loopLength="64" patternPosition="FIRST_BEAT" replaceActive="true" setAsCurrent="false" songPosition="NEXT_BAR"/>
            <add channel="sync_channel" patternId="sync_channel" clearPending="true" clearPosition="NEXT_BAR" loop="true" loopLength="64" patternPosition="FIRST_BEAT" replaceActive="true" setAsCurrent="true" songPosition="NEXT_BAR"/>
             <add channel="string_legato_a" patternId="string_legato_a_fast_1" clearPending="true" clearPosition="NEXT_BEAT" loop="true" loopLength="64"  patternPosition="FIRST_BEAT" replaceActive="true" setAsCurrent="false" songPosition="NEXT_BAR"/>
            <add channel="string_stac_a" patternId="string_stac_a_fast" clearPending="true" clearPosition="NEXT_BEAT" loop="true" loopLength="64" patternPosition="FIRST_BEAT" replaceActive="true" setAsCurrent="false" songPosition="NEXT_BAR"/>
            <add channel="synth_arp_1_a" patternId="synth_arp_1_a_fast" clearPending="true" clearPosition="NEXT_BEAT" loop="true" loopLength="64" patternPosition="FIRST_BEAT" replaceActive="true" setAsCurrent="false" songPosition="NEXT_BAR"/>
            <add channel="synth_arp_2_a" patternId="general_empty" clearPending="true" clearPosition="NEXT_BEAT" loop="false" loopLength="64" patternPosition="FIRST_BEAT" replaceActive="true" setAsCurrent="false" songPosition="NEXT_BAR"/>
            <add channel="synth_bas_a" patternId="general_empty" clearPending="true" clearPosition="NEXT_BEAT" loop="true" loopLength="64" patternPosition="FIRST_BEAT" replaceActive="true" setAsCurrent="false" songPosition="NEXT_BAR"/>
            <add channel="drum_hit_a" patternId="drum_hit_a_fast" clearPending="true" clearPosition="NEXT_BEAT" loop="true" loopLength="64"  patternPosition="FIRST_BEAT" replaceActive="true" setAsCurrent="false" songPosition="NEXT_BAR"/>
            <add channel="drum_rolls_dyn_a" patternId="drum_rolls_dyn_a_fast" clearPending="true" clearPosition="NEXT_BEAT" loop="true" loopLength="64" patternPosition="FIRST_BEAT" replaceActive="true" setAsCurrent="false" songPosition="NEXT_BAR"/>
            <add channel="drum_hit_dyn_a" patternId="general_empty" clearPending="true" clearPosition="NEXT_BEAT" loop="false" loopLength="64"  patternPosition="FIRST_BEAT" replaceActive="true" setAsCurrent="false" songPosition="NEXT_BAR"/>
            <add channel="synth_arp_1_dyn_a" patternId="general_empty" clearPending="true" clearPosition="NEXT_BEAT" loop="false" loopLength="64" patternPosition="FIRST_BEAT" replaceActive="true" setAsCurrent="false" songPosition="NEXT_BAR"/>
            <add channel="string_stac_dyn_a" patternId="string_stac_dyn_a_fast" clearPending="true" clearPosition="NEXT_BEAT" loop="true" loopLength="64" patternPosition="FIRST_BEAT" replaceActive="true" setAsCurrent="false" songPosition="NEXT_BAR"/>

            <add channel="synth_dist_dyn_a" patternId="synth_dist_dyn_a_empty" clearPending="true" clearPosition="NEXT_BEAT" loop="false" loopLength="64" patternPosition="FIRST_BEAT" replaceActive="true" setAsCurrent="false" songPosition="NEXT_BAR"/>
            <add channel="synth_arp_2_dyn_a" patternId="synth_arp_2_dyn_empty" clearPending="true" clearPosition="NEXT_BEAT" loop="false" loopLength="64" patternPosition="FIRST_BEAT" replaceActive="true" setAsCurrent="false" songPosition="NEXT_BAR"/>
            <add channel="synth_bas_dyn_a" patternId="synth_bas_empty" clearPending="true" clearPosition="NEXT_BEAT" loop="false" loopLength="64" patternPosition="FIRST_BEAT" replaceActive="true" setAsCurrent="false" songPosition="NEXT_BAR"/>
            <add channel="cymbal_rolls" patternId="cymbal_rolls_empty" clearPending="true" clearPosition="NEXT_BEAT" loop="false" loopLength="64" patternPosition="FIRST_BEAT" replaceActive="true" setAsCurrent="false" songPosition="NEXT_BAR"/>

            <add channel="horn_legato_a" patternId="horn_legato_empty" clearPending="true" clearPosition="NEXT_BEAT" loop="false" loopLength="64" patternPosition="FIRST_BEAT" replaceActive="true" setAsCurrent="false" songPosition="NEXT_BAR"/>

            <add channel="synth_pad_a" patternId="synth_pad_a_empty" clearPending="true" clearPosition="NEXT_BEAT" loop="false" loopLength="64" patternPosition="FIRST_BEAT" replaceActive="true" setAsCurrent="false" songPosition="NEXT_BAR"/>
            <add channel="synth_bas_a" patternId="synth_bas_empty" clearPending="true" clearPosition="NEXT_BEAT" loop="false" loopLength="64" patternPosition="FIRST_BEAT" replaceActive="true" setAsCurrent="false" songPosition="NEXT_BAR"/>
            <add channel="synth_bas_dyn2" patternId="synth_bas_empty" clearPending="true" clearPosition="NEXT_BEAT" loop="false" loopLength="64" patternPosition="FIRST_BEAT" replaceActive="true" setAsCurrent="false" songPosition="NEXT_BAR"/>
            <add channel="synth_bas_pad_a" patternId="synth_bas_pad_empty" clearPending="true" clearPosition="NEXT_BEAT" loop="false" loopLength="64" patternPosition="FIRST_BEAT" replaceActive="true" setAsCurrent="false" songPosition="NEXT_BAR"/>
            <add channel="synth_dist" patternId="synth_dist_empty" clearPending="true" clearPosition="NEXT_BEAT" loop="false" loopLength="64" patternPosition="FIRST_BEAT" replaceActive="true" setAsCurrent="false" songPosition="NEXT_BAR"/>
        </flowItems>
    </beatPatternPlayer>

    <beatPatternPlayer instanceId="beatpatternplayer" triggers="fast_2_first_beat" delay="0">
        <flowItems>
            <add channel="transpoe_channel" patternId="transpose_pattern" clearPending="true" clearPosition="NEXT_BAR" loop="false" loopLength="64"  patternPosition="FIRST_BEAT" replaceActive="true" setAsCurrent="false" songPosition="NEXT_BAR"/>
            <add channel="cymbal_rolls" patternId="cymbal_rolls_hit" clearPending="true" clearPosition="NEXT_BAR" loop="false" loopLength="64" patternPosition="FIRST_BEAT" replaceActive="true" setAsCurrent="false" songPosition="NEXT_BAR"/>
            <add channel="sync_channel" patternId="sync_channel" clearPending="true" clearPosition="NEXT_BAR" loop="true" loopLength="64" patternPosition="FIRST_BEAT" replaceActive="true" setAsCurrent="true" songPosition="NEXT_BAR"/>
            <add channel="string_legato_a" patternId="string_legato_a_fast_2" clearPending="true" clearPosition="NEXT_BAR" loop="true" loopLength="64"  patternPosition="FIRST_BEAT" replaceActive="true" setAsCurrent="false" songPosition="NEXT_BAR"/>
            <add channel="string_stac_a" patternId="string_stac_a_fast" clearPending="true" clearPosition="NEXT_BAR" loop="true" loopLength="64" patternPosition="FIRST_BEAT" replaceActive="true" setAsCurrent="false" songPosition="NEXT_BAR"/>
            <add channel="horn_legato_a" patternId="horn_legato_a_fast_2" clearPending="true" clearPosition="NEXT_BAR" loop="true" loopLength="64" patternPosition="FIRST_BEAT" replaceActive="true" setAsCurrent="false" songPosition="NEXT_BAR"/>
            <add channel="synth_arp_1_a" patternId="synth_arp_1_a_fast" clearPending="true" clearPosition="NEXT_BAR" loop="true" loopLength="64" patternPosition="FIRST_BEAT" replaceActive="true" setAsCurrent="false" songPosition="NEXT_BAR"/>
            <add channel="synth_arp_2_a" patternId="general_empty" clearPending="true" clearPosition="NEXT_BAR" loop="true" loopLength="64" patternPosition="FIRST_BEAT" replaceActive="true" setAsCurrent="false" songPosition="NEXT_BAR"/>
            <add channel="synth_bas_a" patternId="general_empty" clearPending="true" clearPosition="NEXT_BAR" loop="true" loopLength="64" patternPosition="FIRST_BEAT" replaceActive="true" setAsCurrent="false" songPosition="NEXT_BAR"/>
            <add channel="synth_bas_pad_a" patternId="synth_bas_pad_a_fast_2" clearPending="true" clearPosition="NEXT_BAR" loop="true" loopLength="64" patternPosition="FIRST_BEAT" replaceActive="true" setAsCurrent="false" songPosition="NEXT_BAR"/>
            <add channel="drum_hit_a" patternId="drum_hit_a_fast" clearPending="true" clearPosition="NEXT_BAR" loop="true" loopLength="64"  patternPosition="FIRST_BEAT" replaceActive="true" setAsCurrent="false" songPosition="NEXT_BAR"/>
            <add channel="drum_rolls_dyn_a" patternId="drum_rolls_dyn_a_fast" clearPending="true" clearPosition="NEXT_BAR" loop="true" loopLength="64" patternPosition="FIRST_BEAT" replaceActive="true" setAsCurrent="false" songPosition="NEXT_BAR"/>
            <add channel="drum_hit_dyn_a" patternId="general_empty" clearPending="true" clearPosition="NEXT_BAR" loop="true" loopLength="64"  patternPosition="FIRST_BEAT" replaceActive="true" setAsCurrent="false" songPosition="NEXT_BAR"/>
            <add channel="synth_arp_1_dyn_a" patternId="general_empty" clearPending="true" clearPosition="NEXT_BAR" loop="true" loopLength="64" patternPosition="FIRST_BEAT" replaceActive="true" setAsCurrent="false" songPosition="NEXT_BAR"/>
            <add channel="string_stac_dyn_a" patternId="string_stac_dyn_a_fast" clearPending="true" clearPosition="NEXT_BAR" loop="true" loopLength="64" patternPosition="FIRST_BEAT" replaceActive="true" setAsCurrent="false" songPosition="NEXT_BAR"/>

            <add channel="synth_pad_a" patternId="synth_pad_empty" clearPending="true" clearPosition="NEXT_BAR" loop="false" loopLength="64" patternPosition="FIRST_BEAT" replaceActive="true" setAsCurrent="false" songPosition="NEXT_BAR"/>
            <add channel="synth_bas_dyn_a" patternId="synth_bas_dyn_empty" clearPending="true" clearPosition="NEXT_BAR" loop="false" loopLength="64" patternPosition="FIRST_BEAT" replaceActive="true" setAsCurrent="false" songPosition="NEXT_BAR"/>
            <add channel="synth_dist_dyn_a" patternId="synth_dist_dyn_empty" clearPending="true" clearPosition="NEXT_BAR" loop="false" loopLength="64" patternPosition="FIRST_BEAT" replaceActive="true" setAsCurrent="false" songPosition="NEXT_BAR"/>
            <add channel="synth_arp_2_dyn_a" patternId="synth_arp_2_dyn_empty" clearPending="true" clearPosition="NEXT_BAR" loop="false" loopLength="64" patternPosition="FIRST_BEAT" replaceActive="true" setAsCurrent="false" songPosition="NEXT_BAR"/>
            <add channel="synth_bas_dyn2" patternId="synth_bas_dyn2_empty" clearPending="true" clearPosition="NEXT_BAR" loop="false" loopLength="64" patternPosition="FIRST_BEAT" replaceActive="true" setAsCurrent="false" songPosition="NEXT_BAR"/>
            <add channel="synth_dist" patternId="synth_dist_empty" clearPending="true" clearPosition="NEXT_BAR" loop="false" loopLength="64" patternPosition="FIRST_BEAT" replaceActive="true" setAsCurrent="false" songPosition="NEXT_BAR"/>
        </flowItems>
    </beatPatternPlayer>

</actions>
