<?xml version="1.0"?>
<actions>

    <audioBus instanceId="rev_bus" triggers="rev_loaded" delay="0">
        <properties outputBus="master" pan="0" volume="-6"/>
        <audioNodes>
            <!--convolver active="true" impulse="impulse_rev" dryLevel="0" wetLevel="-36" lowCut="30" highCut="22000" /-->
            <!--compressor active="true" threshold="-15" makeupGain="2" attack="1" release="1" ratio="20" knee="3" automakeup="false" /-->
            <!--<limiter active="true" threshold="0" release="200" outputCeiling="-0.4" lookahead="0.5" />-->
            <!--<limiter active="true" threshold="0" release="200" outputCeiling="-0.4" lookahead="0.5" />-->
        </audioNodes>
    </audioBus>


    <audioBus instanceId="string_legato_bus" triggers="rev_loaded" delay="0">
        <properties outputBus="rev_bus" pan="0" volume="-3"/>
        <audioNodes>
            <!--<convolver active="true" impulse="impulse_rev" dryLevel="-36" wetLevel="1" lowCut="900" highCut="22000" />-->
        </audioNodes>
    </audioBus>

    <audioBus instanceId="horn_legato_bus" triggers="rev_loaded" delay="0">
        <properties outputBus="rev_bus" pan="0" volume="0"/>
        <audioNodes>
            <!--<convolver active="true" impulse="impulse_rev" dryLevel="-36" wetLevel="1" lowCut="900" highCut="22000" />-->
        </audioNodes>
    </audioBus>

    <audioBus instanceId="string_stac_bus" triggers="rev_loaded" delay="0">
        <properties outputBus="rev_bus" pan="0" volume="-6"/>
        <audioNodes>
        </audioNodes>
    </audioBus>

    <audioBus instanceId="string_stac_dyn_normal_bus" triggers="rev_loaded" delay="0">
        <properties outputBus="rev_bus" pan="0" volume="-20"/>
        <audioNodes>
        </audioNodes>
    </audioBus>

    <audioBus instanceId="string_stac_dyn_medium_bus" triggers="rev_loaded" delay="0">
        <properties outputBus="rev_bus" pan="0" volume="-20"/>
        <audioNodes>
        </audioNodes>
    </audioBus>

    <audioBus instanceId="string_stac_dyn_fast_bus" triggers="rev_loaded" delay="0">
        <properties outputBus="rev_bus" pan="0" volume="-20"/>
        <audioNodes>
        </audioNodes>
    </audioBus>

    <audioBus instanceId="trombone_legato_bus" triggers="rev_loaded" delay="0">
        <properties outputBus="rev_bus" pan="0" volume="0"/>
        <audioNodes>
        </audioNodes>
    </audioBus>

    <audioBus instanceId="cymbal_rolls_bus" triggers="rev_loaded" delay="0">
        <properties outputBus="rev_bus" pan="0" volume="-6"/>
        <audioNodes>
        </audioNodes>
    </audioBus>

    <audioBus instanceId="drum_rolls_bus" triggers="rev_loaded" delay="0">
        <properties outputBus="rev_bus" pan="0" volume="-3"/>
        <audioNodes>
        </audioNodes>
    </audioBus>

    <audioBus instanceId="drum_rolls_dyn_fast_bus" triggers="rev_loaded" delay="0">
        <properties outputBus="rev_bus" pan="0" volume="-30"/>
        <audioNodes>
        </audioNodes>
    </audioBus>

    <audioBus instanceId="synth_bas_bus" triggers="rev_loaded" delay="0">
        <properties outputBus="rev_bus" pan="0" volume="0"/>
        <audioNodes>
        		<filter active="true" frequency="8000" Q="6" gain="-40" filterType="LOWPASS" />
        </audioNodes>
    </audioBus>

    <audioBus instanceId="synth_bas_dyn_normal_bus" triggers="rev_loaded" delay="0">
        <properties outputBus="rev_bus" pan="0" volume="0"/>
        <audioNodes>
        		<filter active="true" frequency="20" Q="6" gain="-40" filterType="LOWPASS" />
        </audioNodes>
    </audioBus>

    <audioBus instanceId="synth_bas_dyn_medium_bus" triggers="rev_loaded" delay="0">
        <properties outputBus="rev_bus" pan="0" volume="0"/>
        <audioNodes>
        		<filter active="true" frequency="20" Q="6" gain="-40" filterType="LOWPASS" />
        </audioNodes>
    </audioBus>

    <audioBus instanceId="synth_bas_dyn2_bus" triggers="rev_loaded" delay="0">
        <properties outputBus="rev_bus" pan="0" volume="-4"/>
        <audioNodes>
        		<filter active="true" frequency="20" Q="6" gain="-40" filterType="LOWPASS" />
        </audioNodes>
    </audioBus>

    <audioBus instanceId="synth_dist_bus" triggers="rev_loaded" delay="0">
        <properties outputBus="rev_bus" pan="0" volume="-3"/>
        <audioNodes>
            <filter active="true" frequency="20" Q="1" gain="-40" filterType="LOWPASS" />
        </audioNodes>
    </audioBus>

    <audioBus instanceId="synth_dist_dyn_medium_bus" triggers="rev_loaded" delay="0">
        <properties outputBus="rev_bus" pan="0" volume="-3"/>
        <audioNodes>
            <filter active="true" frequency="20" Q="1" gain="-40" filterType="LOWPASS" />
        </audioNodes>
    </audioBus>

    <audioBus instanceId="synth_bas_pad_bus" triggers="rev_loaded" delay="0">
        <properties outputBus="rev_bus" pan="0" volume="0"/>
        <audioNodes>
            <filter active="true" frequency="20" Q="1" gain="-40" filterType="LOWPASS" />
        </audioNodes>
    </audioBus>

    <audioBus instanceId="synth_pad_bus" triggers="rev_loaded" delay="0">
        <properties outputBus="rev_bus" pan="0" volume="-3"/>
        <audioNodes>
            <filter active="true" frequency="1200" Q="0.7" gain="-40" filterType="LOWPASS" />
        </audioNodes>
    </audioBus>

    <audioBus instanceId="drum_hit_bus" triggers="rev_loaded" delay="0">
        <properties outputBus="rev_bus" pan="0" volume="-3"/>
        <audioNodes>
        </audioNodes>
    </audioBus>

    <audioBus instanceId="drum_hit_dyn_fast_bus" triggers="rev_loaded" delay="0">
        <properties outputBus="rev_bus" pan="0" volume="-30"/>
        <audioNodes>
        </audioNodes>
    </audioBus>

    <audioBus instanceId="synth_arp_1_bus" triggers="rev_loaded" delay="0">
        <properties outputBus="rev_bus" pan="0" volume="-3"/>
        <audioNodes>
            <!--filter active="true" frequency="20" Q="6" gain="-40" filterType="LOWPASS" /-->
          <!--  <pingPongDelay active="true" frequency="8000" Q="6" gain="-40" filterType="LOWPASS" /> -->
        </audioNodes>
    </audioBus>

    <audioBus instanceId="synth_arp_1_dyn_normal_bus" triggers="rev_loaded" delay="0">
        <properties outputBus="rev_bus" pan="0" volume="-5"/>
        <audioNodes>
            <filter active="true" frequency="1000" Q="6" gain="-40" filterType="LOWPASS" />
          <!--  <pingPongDelay active="true" frequency="8000" Q="6" gain="-40" filterType="LOWPASS" /> -->
        </audioNodes>
    </audioBus>

    <audioBus instanceId="synth_arp_1_dyn_medium_bus" triggers="rev_loaded" delay="0">
        <properties outputBus="rev_bus" pan="0" volume="-5"/>
        <audioNodes>
            <filter active="true" frequency="8000" Q="6" gain="-40" filterType="LOWPASS" />
          <!--  <pingPongDelay active="true" frequency="8000" Q="6" gain="-40" filterType="LOWPASS" /> -->
        </audioNodes>
    </audioBus>

    <audioBus instanceId="synth_arp_1_dyn_fast_bus" triggers="rev_loaded" delay="0">
        <properties outputBus="rev_bus" pan="0" volume="-5"/>
        <audioNodes>
            <filter active="true" frequency="8000" Q="6" gain="-40" filterType="LOWPASS" />
          <!--  <pingPongDelay active="true" frequency="8000" Q="6" gain="-40" filterType="LOWPASS" /> -->
        </audioNodes>
    </audioBus>

    <audioBus instanceId="synth_arp_2_bus" triggers="rev_loaded" delay="0">
        <properties outputBus="rev_bus" pan="0" volume="-3"/>
        <audioNodes>
            <filter active="true" frequency="8000" Q="6" gain="-40" filterType="LOWPASS" />
        </audioNodes>
    </audioBus>

    <audioBus instanceId="synth_arp_2_dyn_medium_bus" triggers="rev_loaded" delay="0">
        <properties outputBus="rev_bus" pan="0" volume="-3"/>
        <audioNodes>
            <filter active="true" frequency="20" Q="6" gain="-40" filterType="LOWPASS" />
        </audioNodes>
    </audioBus>

    <audioBus instanceId="drumroll_bus" triggers="rev_loaded" delay="0">
        <properties outputBus="rev_bus" pan="0" volume="-6"/>
        <audioNodes>
        </audioNodes>
    </audioBus>

</actions>



