<?xml version="1.0"?>
<actions>

<!--
    <loadSound instanceId="load_rev" triggers="dmaf_init" delay="0">
        <properties returnEvent="rev_loaded" baseURL="../assets/audio/" async="true"/>
      <files>
            <file name="impulse_rev" cppextension="aac" />
      </files>
    </loadSound>
-->

	<loadSound instanceId="load_rev" triggers="dmaf_init" delay="0">
        <properties returnEvent="rev_loaded" baseURL="../assets/audio/" async="true"/>
      <files>
            <file name="impulse_rev" cppextension="ogg" />
      </files>
    </loadSound>

    <loadSampleMap instanceId="sampleMaps" triggers="rev_loaded" delay="0">
        <properties returnEvent="samplemaps_loaded" baseURL="../assets/xml/" async="true"/>
        <files>
            <file name="samplemaps" cppextension="xml" />
        </files>
    </loadSampleMap>

    <loadMIDI triggers="samplemaps_loaded" instanceId="midiFiles" delay="0">
        <properties returnEvent="midi_loaded" baseURL="../assets/midi/" async="true"/>
        <files>
            <file name="syj_e" cppextension="mid"/>
            <file name="syj_g" cppextension="mid"/>
            <file name="syj_d" cppextension="mid"/>
            <file name="syj_f" cppextension="mid"/>
        </files>
    </loadMIDI>

<!--
    <loadSound instanceId="load_sound" triggers="midi_loaded" delay="0">
        <properties returnEvent="start_bpp" baseURL="../assets/audio/" async="true"/>
        <files>
            <file name="cymbal_hit_old" cppextension="aac" />
            <file name="cymbal_hit" cppextension="aac" />
            <file name="cymbal_rolls_1" cppextension="aac" />
            <file name="cymbal_rolls_2" cppextension="aac" />
            <file name="cymbal_rolls_3" cppextension="aac" />
            <file name="drum_hit_12_2" cppextension="aac" />
            <file name="drum_hit_12_3" cppextension="aac" />
            <file name="drum_hit_12_4" cppextension="aac" />
            <file name="drum_hit_13_2" cppextension="aac" />
            <file name="drum_hit_13_3" cppextension="aac" />
            <file name="drum_hit_13_4" cppextension="aac" />
            <file name="drum_hit_14_2" cppextension="aac" />
            <file name="drum_hit_14_3" cppextension="aac" />
            <file name="drum_hit_14_4" cppextension="aac" />
            <file name="drum_rolls_1" cppextension="aac" />
            <file name="drum_rolls_2" cppextension="aac" />
            <file name="drum_rolls_3" cppextension="aac" />
            <file name="drum_rolls_4" cppextension="aac" />
            <file name="drum_rolls_hit_1" cppextension="aac" />
            <file name="drum_rolls_hit_2" cppextension="aac" />
            <file name="drum_rolls_hit_3" cppextension="aac" />
            <file name="drum_rolls_hit_4" cppextension="aac" />
            <file name="opt_1_1" cppextension="aac" />
            <file name="opt_1_2" cppextension="aac" />
            <file name="opt_1_3" cppextension="aac" />
            <file name="string_legato_B0" cppextension="aac" />
            <file name="string_legato_B1" cppextension="aac" />
            <file name="string_legato_B2" cppextension="aac" />
            <file name="string_legato_B3" cppextension="aac" />
            <file name="string_legato_B4" cppextension="aac" />
            <file name="string_legato_B5" cppextension="aac" />
            <file name="string_legato_Ds0" cppextension="aac" />
            <file name="string_legato_Ds1" cppextension="aac" />
            <file name="string_legato_Ds2" cppextension="aac" />
            <file name="string_legato_Ds3" cppextension="aac" />
            <file name="string_legato_Ds4" cppextension="aac" />
            <file name="string_legato_Ds5" cppextension="aac" />
            <file name="string_legato_Ds6" cppextension="aac" />
            <file name="string_legato_G0" cppextension="aac" />
            <file name="string_legato_G1" cppextension="aac" />
            <file name="string_legato_G2" cppextension="aac" />
            <file name="string_legato_G3" cppextension="aac" />
            <file name="string_legato_G4" cppextension="aac" />
            <file name="string_legato_G5" cppextension="aac" />
            <file name="string_stac_B0" cppextension="aac" />
            <file name="string_stac_B1" cppextension="aac" />
            <file name="string_stac_B2" cppextension="aac" />
            <file name="string_stac_B3" cppextension="aac" />
            <file name="string_stac_B4" cppextension="aac" />
            <file name="string_stac_B5" cppextension="aac" />
            <file name="string_stac_Ds0" cppextension="aac" />
            <file name="string_stac_Ds1" cppextension="aac" />
            <file name="string_stac_Ds2" cppextension="aac" />
            <file name="string_stac_Ds3" cppextension="aac" />
            <file name="string_stac_Ds4" cppextension="aac" />
            <file name="string_stac_Ds5" cppextension="aac" />
            <file name="string_stac_Ds6" cppextension="aac" />
            <file name="string_stac_G0" cppextension="aac" />
            <file name="string_stac_G1" cppextension="aac" />
            <file name="string_stac_G2" cppextension="aac" />
            <file name="string_stac_G3" cppextension="aac" />
            <file name="string_stac_G4" cppextension="aac" />
            <file name="string_stac_G5" cppextension="aac" />
            <file name="synth_arp_1_A1" cppextension="aac" />
            <file name="synth_arp_1_A2" cppextension="aac" />
            <file name="synth_arp_1_A3" cppextension="aac" />
            <file name="synth_arp_1_A4" cppextension="aac" />
            <file name="synth_arp_1_Ds1" cppextension="aac" />
            <file name="synth_arp_1_Ds2" cppextension="aac" />
            <file name="synth_arp_1_Ds3" cppextension="aac" />
            <file name="synth_arp_1_Ds4" cppextension="aac" />
            <file name="synth_arp_2_A0" cppextension="aac" />
            <file name="synth_arp_2_A1" cppextension="aac" />
            <file name="synth_arp_2_A2" cppextension="aac" />
            <file name="synth_arp_2_A3" cppextension="aac" />
            <file name="synth_arp_2_A4" cppextension="aac" />
            <file name="synth_arp_2_Ds0" cppextension="aac" />
            <file name="synth_arp_2_Ds1" cppextension="aac" />
            <file name="synth_arp_2_Ds2" cppextension="aac" />
            <file name="synth_arp_2_Ds3" cppextension="aac" />
            <file name="synth_arp_2_Ds4" cppextension="aac" />
            <file name="synth_bas_A0" cppextension="aac" />
            <file name="synth_bas_A1" cppextension="aac" />
            <file name="synth_bas_A2" cppextension="aac" />
            <file name="synth_bas_A3" cppextension="aac" />
            <file name="synth_bas_Ds0" cppextension="aac" />
            <file name="synth_bas_Ds1" cppextension="aac" />
            <file name="synth_bas_Ds2" cppextension="aac" />
            <file name="synth_bas_Ds3" cppextension="aac" />
            <file name="synth_bas_pad_A0" cppextension="aac" />
            <file name="synth_bas_pad_A1" cppextension="aac" />
            <file name="synth_bas_pad_A2" cppextension="aac" />
            <file name="synth_bas_pad_A3" cppextension="aac" />
            <file name="synth_bas_pad_A4" cppextension="aac" />
            <file name="synth_bas_pad_Ds0" cppextension="aac" />
            <file name="synth_bas_pad_Ds1" cppextension="aac" />
            <file name="synth_bas_pad_Ds2" cppextension="aac" />
            <file name="synth_bas_pad_Ds3" cppextension="aac" />
            <file name="synth_bas_pad_Ds4" cppextension="aac" />
            <file name="synth_dist_A0" cppextension="aac" />
            <file name="synth_dist_A1" cppextension="aac" />
            <file name="synth_dist_A2" cppextension="aac" />
            <file name="synth_dist_A3" cppextension="aac" />
            <file name="synth_dist_A4" cppextension="aac" />
            <file name="synth_dist_Ds0" cppextension="aac" />
            <file name="synth_dist_Ds1" cppextension="aac" />
            <file name="synth_dist_Ds2" cppextension="aac" />
            <file name="synth_dist_Ds3" cppextension="aac" />
            <file name="synth_dist_Ds4" cppextension="aac" />
            <file name="horn_legato_B1" cppextension="aac" />
            <file name="horn_legato_B2" cppextension="aac" />
            <file name="horn_legato_B3" cppextension="aac" />
            <file name="horn_legato_Ds2" cppextension="aac" />
            <file name="horn_legato_Ds3" cppextension="aac" />
            <file name="horn_legato_Ds4" cppextension="aac" />
            <file name="horn_legato_G2" cppextension="aac" />
            <file name="horn_legato_G3" cppextension="aac" />
            <file name="horn_legato_G4" cppextension="aac" />
            <file name="horn_opt" cppextension="aac" />
        </files>
    </loadSound>
-->

      <loadSound instanceId="load_sound" triggers="midi_loaded" delay="0">
        <properties returnEvent="start_bpp" baseURL="../assets/audio/" async="true"/>
        <files>
            <file name="cymbal_hit_old" cppextension="ogg" />
            <file name="cymbal_hit" cppextension="ogg" />
            <file name="cymbal_rolls_1" cppextension="ogg" />
            <file name="cymbal_rolls_2" cppextension="ogg" />
            <file name="cymbal_rolls_3" cppextension="ogg" />
            <file name="drum_hit_12_2" cppextension="ogg" />
            <file name="drum_hit_12_3" cppextension="ogg" />
            <file name="drum_hit_12_4" cppextension="ogg" />
            <file name="drum_hit_13_2" cppextension="ogg" />
            <file name="drum_hit_13_3" cppextension="ogg" />
            <file name="drum_hit_13_4" cppextension="ogg" />
            <file name="drum_hit_14_2" cppextension="ogg" />
            <file name="drum_hit_14_3" cppextension="ogg" />
            <file name="drum_hit_14_4" cppextension="ogg" />
            <file name="drum_rolls_1" cppextension="ogg" />
            <file name="drum_rolls_2" cppextension="ogg" />
            <file name="drum_rolls_3" cppextension="ogg" />
            <file name="drum_rolls_4" cppextension="ogg" />
            <file name="drum_rolls_hit_1" cppextension="ogg" />
            <file name="drum_rolls_hit_2" cppextension="ogg" />
            <file name="drum_rolls_hit_3" cppextension="ogg" />
            <file name="drum_rolls_hit_4" cppextension="ogg" />
            <file name="opt_1_1" cppextension="ogg" />
            <file name="opt_1_2" cppextension="ogg" />
            <file name="opt_1_3" cppextension="ogg" />
            <file name="string_legato_B0" cppextension="ogg" />
            <file name="string_legato_B1" cppextension="ogg" />
            <file name="string_legato_B2" cppextension="ogg" />
            <file name="string_legato_B3" cppextension="ogg" />
            <file name="string_legato_B4" cppextension="ogg" />
            <file name="string_legato_B5" cppextension="ogg" />
            <file name="string_legato_Ds0" cppextension="ogg" />
            <file name="string_legato_Ds1" cppextension="ogg" />
            <file name="string_legato_Ds2" cppextension="ogg" />
            <file name="string_legato_Ds3" cppextension="ogg" />
            <file name="string_legato_Ds4" cppextension="ogg" />
            <file name="string_legato_Ds5" cppextension="ogg" />
            <file name="string_legato_Ds6" cppextension="ogg" />
            <file name="string_legato_G0" cppextension="ogg" />
            <file name="string_legato_G1" cppextension="ogg" />
            <file name="string_legato_G2" cppextension="ogg" />
            <file name="string_legato_G3" cppextension="ogg" />
            <file name="string_legato_G4" cppextension="ogg" />
            <file name="string_legato_G5" cppextension="ogg" />
            <file name="string_stac_B0" cppextension="ogg" />
            <file name="string_stac_B1" cppextension="ogg" />
            <file name="string_stac_B2" cppextension="ogg" />
            <file name="string_stac_B3" cppextension="ogg" />
            <file name="string_stac_B4" cppextension="ogg" />
            <file name="string_stac_B5" cppextension="ogg" />
            <file name="string_stac_Ds0" cppextension="ogg" />
            <file name="string_stac_Ds1" cppextension="ogg" />
            <file name="string_stac_Ds2" cppextension="ogg" />
            <file name="string_stac_Ds3" cppextension="ogg" />
            <file name="string_stac_Ds4" cppextension="ogg" />
            <file name="string_stac_Ds5" cppextension="ogg" />
            <file name="string_stac_Ds6" cppextension="ogg" />
            <file name="string_stac_G0" cppextension="ogg" />
            <file name="string_stac_G1" cppextension="ogg" />
            <file name="string_stac_G2" cppextension="ogg" />
            <file name="string_stac_G3" cppextension="ogg" />
            <file name="string_stac_G4" cppextension="ogg" />
            <file name="string_stac_G5" cppextension="ogg" />
            <file name="synth_arp_1_A1" cppextension="ogg" />
            <file name="synth_arp_1_A2" cppextension="ogg" />
            <file name="synth_arp_1_A3" cppextension="ogg" />
            <file name="synth_arp_1_A4" cppextension="ogg" />
            <file name="synth_arp_1_Ds1" cppextension="ogg" />
            <file name="synth_arp_1_Ds2" cppextension="ogg" />
            <file name="synth_arp_1_Ds3" cppextension="ogg" />
            <file name="synth_arp_1_Ds4" cppextension="ogg" />
            <file name="synth_arp_2_A0" cppextension="ogg" />
            <file name="synth_arp_2_A1" cppextension="ogg" />
            <file name="synth_arp_2_A2" cppextension="ogg" />
            <file name="synth_arp_2_A3" cppextension="ogg" />
            <file name="synth_arp_2_A4" cppextension="ogg" />
            <file name="synth_arp_2_Ds0" cppextension="ogg" />
            <file name="synth_arp_2_Ds1" cppextension="ogg" />
            <file name="synth_arp_2_Ds2" cppextension="ogg" />
            <file name="synth_arp_2_Ds3" cppextension="ogg" />
            <file name="synth_arp_2_Ds4" cppextension="ogg" />
            <file name="synth_bas_A0" cppextension="ogg" />
            <file name="synth_bas_A1" cppextension="ogg" />
            <file name="synth_bas_A2" cppextension="ogg" />
            <file name="synth_bas_A3" cppextension="ogg" />
            <file name="synth_bas_Ds0" cppextension="ogg" />
            <file name="synth_bas_Ds1" cppextension="ogg" />
            <file name="synth_bas_Ds2" cppextension="ogg" />
            <file name="synth_bas_Ds3" cppextension="ogg" />
            <file name="synth_bas_pad_A0" cppextension="ogg" />
            <file name="synth_bas_pad_A1" cppextension="ogg" />
            <file name="synth_bas_pad_A2" cppextension="ogg" />
            <file name="synth_bas_pad_A3" cppextension="ogg" />
            <file name="synth_bas_pad_A4" cppextension="ogg" />
            <file name="synth_bas_pad_Ds0" cppextension="ogg" />
            <file name="synth_bas_pad_Ds1" cppextension="ogg" />
            <file name="synth_bas_pad_Ds2" cppextension="ogg" />
            <file name="synth_bas_pad_Ds3" cppextension="ogg" />
            <file name="synth_bas_pad_Ds4" cppextension="ogg" />
            <file name="synth_dist_A0" cppextension="ogg" />
            <file name="synth_dist_A1" cppextension="ogg" />
            <file name="synth_dist_A2" cppextension="ogg" />
            <file name="synth_dist_A3" cppextension="ogg" />
            <file name="synth_dist_A4" cppextension="ogg" />
            <file name="synth_dist_Ds0" cppextension="ogg" />
            <file name="synth_dist_Ds1" cppextension="ogg" />
            <file name="synth_dist_Ds2" cppextension="ogg" />
            <file name="synth_dist_Ds3" cppextension="ogg" />
            <file name="synth_dist_Ds4" cppextension="ogg" />
            <file name="horn_legato_B1" cppextension="ogg" />
            <file name="horn_legato_B2" cppextension="ogg" />
            <file name="horn_legato_B3" cppextension="ogg" />
            <file name="horn_legato_Ds2" cppextension="ogg" />
            <file name="horn_legato_Ds3" cppextension="ogg" />
            <file name="horn_legato_Ds4" cppextension="ogg" />
            <file name="horn_legato_G2" cppextension="ogg" />
            <file name="horn_legato_G3" cppextension="ogg" />
            <file name="horn_legato_G4" cppextension="ogg" />
            <file name="horn_opt" cppextension="ogg" />
            </files>
    </loadSound>
</actions>

<include file="busses.xml" />
<include file="speed.xml" />
<include file="macros.xml" />
<include file="audio_config.xml" />
<include file="beatpatternplayers.xml" />
<include file="beatpatternplayers_d.xml" />
<include file="beatpatternplayers_f.xml" />
<include file="beatpatternplayers_g.xml" />
<include file="samplers.xml" />

