<?xml version="1.0"?>
<actions>

	<!-- synth_arp_1_dyn_normal_bus_macro -->
     <!--macro instanceId="synth_arp_1_dyn_normal_bus_macro" triggers="synth_arp_1_dyn_normal_bus_macro" delay="0">
        <properties inputTransformParameterName="value" />
        <properties inputEventParameterIndex="0" />
        <macroTargets>
            <macroTarget>
                <properties targetInstance="synth_arp_1_dyn_normal_bus" min="20" max="8000" targetParameter="fx:0:frequency" curve="LINEAR" />
            </macroTarget>
        </macroTargets>
    </macro-->
    
    <scaler instanceId="synth_arp_1_dyn_normal_bus_macro" triggers="speed_gps" delay="0">
        <properties inputTransformParameterName="value" />
        <properties inputEventParameterIndex="0" />
        <properties targetInstance="synth_arp_1_dyn_normal_bus" />
        <properties targetParameter="fx:0:frequency" />
        <breakpoints> 
			<breakpoint in="0" out="20" />
			<breakpoint in="5" out="20" />
			<breakpoint in="15" out="8000" />
			<breakpoint in="1000" out="8000" />			
        </breakpoints> 
	</scaler>
    

	<!-- synth_arp_1_dyn_medium_bus_macro -->
    <!--macro instanceId="synth_arp_1_dyn_medium_bus_macro" triggers="synth_arp_1_dyn_medium_bus_macro" delay="0">
        <properties inputTransformParameterName="value" />
        <properties inputEventParameterIndex="0" />
        <macroTargets>
            <macroTarget>
                <properties targetInstance="synth_arp_1_dyn_medium_bus" min="20" max="8000" targetParameter="fx:0:frequency" curve="LINEAR" />
            </macroTarget>
        </macroTargets>
    </macro-->
    
    <scaler instanceId="synth_arp_1_dyn_medium_bus_macro" triggers="speed_gps" delay="0">
        <properties inputTransformParameterName="value" />
        <properties inputEventParameterIndex="0" />
        <properties targetInstance="synth_arp_1_dyn_medium_bus" />
        <properties targetParameter="fx:0:frequency" />
        <breakpoints> 
			<breakpoint in="0" out="20" />
			<breakpoint in="15" out="20" />
			<breakpoint in="35" out="8000" />
			<breakpoint in="1000" out="8000" />			
        </breakpoints> 
	</scaler>
    
    

	<!-- synth_arp_1_dyn_fast_bus_macro -->
    <!--macro instanceId="synth_arp_1_dyn_fast_bus_macro" triggers="synth_arp_1_dyn_fast_bus_macro" delay="0">
        <properties inputTransformParameterName="value" />
        <properties inputEventParameterIndex="0" />
        <macroTargets>
            <macroTarget>
                <properties targetInstance="synth_arp_1_dyn_fast_bus" min="20" max="8000" targetParameter="fx:0:frequency" curve="LINEAR" />
            </macroTarget>
        </macroTargets>
    </macro-->

    


	<!-- synth_arp_2_dyn_medium_bus_macro -->
    <!--macro instanceId="synth_arp_2_dyn_medium_bus_macro" triggers="synth_arp_2_dyn_medium_bus_macro" delay="0">
        <properties inputTransformParameterName="value" />
        <properties inputEventParameterIndex="0" />
        <macroTargets>
            <macroTarget>
                <properties targetInstance="synth_arp_2_dyn_medium_bus" min="20" max="8000" targetParameter="fx:0:frequency" curve="LINEAR" />
            </macroTarget>
        </macroTargets>
    </macro-->
    


	<!-- synth_bas_dyn_normal_bus_macro -->
    <!--macro instanceId="synth_bas_dyn_normal_bus_macro" triggers="synth_bas_dyn_normal_bus_macro" delay="0">
        <properties inputTransformParameterName="value" />
        <properties inputEventParameterIndex="0" />
        <macroTargets>
            <macroTarget>
                <properties targetInstance="synth_bas_dyn_normal_bus" min="20" max="8000" targetParameter="fx:0:frequency" curve="LINEAR" />
            </macroTarget>
        </macroTargets>
    </macro-->
    


	<!-- synth_bas_dyn_medium_bus_macro -->
    <!--macro instanceId="synth_bas_dyn_medium_bus_macro" triggers="synth_bas_dyn_medium_bus_macro" delay="0">
        <properties inputTransformParameterName="value" />
        <properties inputEventParameterIndex="0" />
        <macroTargets>
            <macroTarget>
                <properties targetInstance="synth_bas_dyn_medium_bus" min="20" max="8000" targetParameter="fx:0:frequency" curve="LINEAR" />
            </macroTarget>
        </macroTargets>
    </macro-->
    


	<!-- synth_bas_dyn2_bus_macro -->
    <!--macro instanceId="synth_bas_dyn2_bus_macro" triggers="synth_bas_dyn2_bus_macro" delay="0">
        <properties inputTransformParameterName="value" />
        <properties inputEventParameterIndex="0" />
        <macroTargets>
            <macroTarget>
                <properties targetInstance="synth_bas_dyn2_bus" min="20" max="12000" targetParameter="fx:0:frequency" curve="LINEAR" />
            </macroTarget>
        </macroTargets>
    </macro-->
    


	<!-- synth_dist_dyn_medium_bus_macro -->
    <!--macro instanceId="synth_dist_dyn_medium_bus_macro" triggers="synth_dist_dyn_medium_bus_macro" delay="0">
        <properties inputTransformParameterName="value" />
        <properties inputEventParameterIndex="0" />
        <macroTargets>
            <macroTarget>
                <properties targetInstance="synth_dist_dyn_medium_bus" min="20" max="8000" targetParameter="fx:0:frequency" curve="LINEAR" />
            </macroTarget>
        </macroTargets>
    </macro-->
    <scaler instanceId="synth_dist_dyn_medium_bus_macro" triggers="speed_gps" delay="0">
        <properties inputTransformParameterName="value" />
        <properties inputEventParameterIndex="0" />
        <properties targetInstance="synth_dist_dyn_medium_bus" />
        <properties targetParameter="fx:0:frequency" />
        <breakpoints> 
			<breakpoint in="0" out="20" />
			<breakpoint in="15" out="20" />
			<breakpoint in="35" out="8000" />
			<breakpoint in="1000" out="8000" />			
        </breakpoints> 
	</scaler>
    


	<!-- string_stac_dyn_normal_bus_macro -->
    <!--macro instanceId="string_stac_dyn_normal_bus_macro" triggers="string_stac_dyn_normal_bus_macro" delay="0">
        <properties inputTransformParameterName="value" />
        <properties inputEventParameterIndex="0" />
        <macroTargets>
            <macroTarget>
                <properties targetInstance="string_stac_dyn_normal_bus" min="-20" max="-3" targetParameter="volume" curve="LINEAR" />
            </macroTarget>
        </macroTargets>
    </macro-->
    <scaler instanceId="string_stac_dyn_normal_bus_macro" triggers="speed_gps" delay="0">
        <properties inputTransformParameterName="value" />
        <properties inputEventParameterIndex="0" />
        <properties targetInstance="string_stac_dyn_normal_bus" />
        <properties targetParameter="volume" />
        <breakpoints> 
			<breakpoint in="0" out="-20" />
			<breakpoint in="5" out="-20" />
			<breakpoint in="15" out="-3" />
			<breakpoint in="1000" out="-3" />			
        </breakpoints> 
	</scaler>
    
    


	<!-- string_stac_dyn_medium_bus_macro -->
    <!--macro instanceId="string_stac_dyn_medium_bus_macro" triggers="string_stac_dyn_medium_bus_macro" delay="0">
        <properties inputTransformParameterName="value" />
        <properties inputEventParameterIndex="0" />
        <macroTargets>
            <macroTarget>
                <properties targetInstance="string_stac_dyn_medium_bus" min="-20" max="-3" targetParameter="volume" curve="LINEAR" />
            </macroTarget>
        </macroTargets>
    </macro-->
    <scaler instanceId="string_stac_dyn_medium_bus_macro" triggers="speed_gps" delay="0">
        <properties inputTransformParameterName="value" />
        <properties inputEventParameterIndex="0" />
        <properties targetInstance="string_stac_dyn_medium_bus" />
        <properties targetParameter="volume" />
        <breakpoints> 
			<breakpoint in="0" out="-20" />
			<breakpoint in="15" out="-20" />
			<breakpoint in="25" out="-3" />
			<breakpoint in="1000" out="-3" />			
        </breakpoints> 
	</scaler>
    


	<!-- string_stac_dyn_fast_bus_macro -->
    <!--macro instanceId="string_stac_dyn_fast_bus_macro" triggers="string_stac_dyn_fast_bus_macro" delay="0">
        <properties inputTransformParameterName="value" />
        <properties inputEventParameterIndex="0" />
        <macroTargets>
            <macroTarget>
                <properties targetInstance="string_stac_dyn_fast_bus" min="-20" max="-3" targetParameter="volume" curve="LINEAR" />
            </macroTarget>
        </macroTargets>
    </macro-->
    <scaler instanceId="string_stac_dyn_fast_bus_macro" triggers="speed_gps" delay="0">
        <properties inputTransformParameterName="value" />
        <properties inputEventParameterIndex="0" />
        <properties targetInstance="string_stac_dyn_fast_bus" />
        <properties targetParameter="volume" />
        <breakpoints> 
			<breakpoint in="0" out="-20" />
			<breakpoint in="35" out="-20" />
			<breakpoint in="45" out="-3" />
			<breakpoint in="1000" out="-3" />			
        </breakpoints> 
	</scaler>
    


	<!-- drum_hit_dyn_fast_bus_macro -->
    <!--macro instanceId="drum_hit_dyn_fast_bus_macro" triggers="drum_hit_dyn_fast_bus_macro" delay="0">
        <properties inputTransformParameterName="value" />
        <properties inputEventParameterIndex="0" />
        <macroTargets>
            <macroTarget>
                <properties targetInstance="drum_hit_dyn_fast_bus" min="-30" max="-3" targetParameter="volume" curve="LINEAR" />
            </macroTarget>
        </macroTargets>
    </macro-->
    


	<!-- drum_rolls_dyn_fast_bus_macro -->
    <!--macro instanceId="drum_rolls_dyn_fast_bus_macro" triggers="drum_rolls_dyn_fast_bus_macro" delay="0">
        <properties inputTransformParameterName="value" />
        <properties inputEventParameterIndex="0" />
        <macroTargets>
            <macroTarget>
                <properties targetInstance="drum_rolls_dyn_fast_bus" min="-30" max="-3" targetParameter="volume" curve="LINEAR" />
            </macroTarget>
        </macroTargets>
    </macro-->
	<scaler instanceId="drum_rolls_dyn_fast_bus_macro" triggers="speed_gps" delay="0">
        <properties inputTransformParameterName="value" />
        <properties inputEventParameterIndex="0" />
        <properties targetInstance="drum_rolls_dyn_fast_bus" />
        <properties targetParameter="volume" />
        <breakpoints> 
			<breakpoint in="0" out="-30" />
			<breakpoint in="35" out="-30" />
			<breakpoint in="45" out="-3" />
			<breakpoint in="1000" out="-3" />			
        </breakpoints> 
	</scaler>
    
    
    <!-- FOR TURNING
    <transform instanceId="turn_speed_1_a" triggers="turning_intensity1_D,turning_intensity1_E,turning_intensity1_F,turning_intensity1_G" delay="0">
        <properties targets="synth_arp_1_dyn_normal_bus" />
        <properties targetParameter="fx:0:frequency" value="8000" />
        <properties duration="1000"   />
    </transform>
    <transform instanceId="turn_speed_1_b" triggers="turning_intensity1_D,turning_intensity1_E,turning_intensity1_F,turning_intensity1_G" delay="0">
        <properties targets="synth_dist_dyn_medium_bus" />
        <properties targetParameter="fx:0:frequency" value="8000" />
        <properties duration="1000"   />
    </transform>
    
        <transform instanceId="turn_speed_2_3_a" triggers="turning_intensity2_D,turning_intensity2_E,turning_intensity2_F,turning_intensity2_G,turning_intensity3_D,turning_intensity3_E,turning_intensity3_F,turning_intensity3_G" delay="0">
        <properties targets="synth_arp_1_dyn_normal_bus" />
        <properties targetParameter="fx:0:frequency" value="8000" />
        <properties duration="1000"   />
    </transform>
    <transform instanceId="turn_speed_2_3_b" triggers="turning_intensity2_D,turning_intensity2_E,turning_intensity2_F,turning_intensity2_G,turning_intensity3_D,turning_intensity3_E,turning_intensity3_F,turning_intensity3_G" delay="0">
        <properties targets="synth_bas_dyn2_bus" />
        <properties targetParameter="fx:0:frequency" value="8000" />
        <properties duration="1000"   />
    </transform>
    
    <transform instanceId="turn_speed_4_5_a" triggers="turning_intensity4_D,turning_intensity4_E,turning_intensity4_F,turning_intensity4_G,turning_intensity5_D,turning_intensity5_E,turning_intensity5_F,turning_intensity5_G" delay="0">
        <properties targets="synth_bas_dyn2_bus" />
        <properties targetParameter="fx:0:frequency" value="8000" />
        <properties duration="1000"   />
    </transform>
     -->
    
    <!-- BACK TO STRAIGHT
    <transform instanceId="back_to_straigh_yeah_a" triggers="straight" delay="0">
        <properties targets="synth_arp_1_dyn_normal_bus" />
        <properties targetParameter="fx:0:frequency" value="20" />
        <properties duration="1000"   />
    </transform>
    <transform instanceId="back_to_straigh_yeah_a" triggers="straight" delay="0">
        <properties targets="synth_dist_dyn_medium_bus" />
        <properties targetParameter="fx:0:frequency" value="20" />
        <properties duration="1000"   />
    </transform>
    <transform instanceId="back_to_straigh_yeah_a" triggers="straight" delay="0">
        <properties targets="synth_bas_dyn2_bus" />
        <properties targetParameter="fx:0:frequency" value="20" />
        <properties duration="1000"   />
    </transform>
     -->
</actions>
