<?xml version="1.0"?>
<actions>
    <scaler instanceId="synth_arp_1_dyn_normal_bus_macro" triggers="speed_gps" delay="0">
        <properties inputTransformParameterName="value" />
        <properties inputEventParameterIndex="0" />
        <properties targetInstance="synth_arp_1_dyn_normal_bus" />
        <properties targetParameter="fx:0:frequency" />
        <properties duration="3000"/>
        <breakpoints>
			<breakpoint in="0" out="20"/>
			<breakpoint in="5" out="20" />
			<breakpoint in="15" out="8000" />
			<breakpoint in="1000" out="8000" />
        </breakpoints>
	</scaler>

    <scaler instanceId="synth_arp_1_dyn_medium_bus_macro" triggers="speed_gps" delay="0">
        <properties inputTransformParameterName="value" />
        <properties inputEventParameterIndex="0" />
        <properties targetInstance="synth_arp_1_dyn_medium_bus" />
        <properties targetParameter="fx:0:frequency" />
        <properties  duration="3000" />
        <breakpoints>
			<breakpoint in="0" out="20" />
			<breakpoint in="15" out="20" />
			<breakpoint in="35" out="8000" />
			<breakpoint in="1000" out="8000" />
        </breakpoints>
	</scaler>

    <scaler instanceId="synth_dist_dyn_medium_bus_macro" triggers="speed_gps" delay="0">
        <properties inputTransformParameterName="value" />
        <properties inputEventParameterIndex="0" />
        <properties targetInstance="synth_dist_dyn_medium_bus" />
        <properties targetParameter="fx:0:frequency" />
        <properties duration="3000" />
        <breakpoints>
			<breakpoint in="0" out="20" />
			<breakpoint in="15" out="20" />
			<breakpoint in="35" out="8000" />
			<breakpoint in="1000" out="8000" />
        </breakpoints>
	</scaler>

    <scaler instanceId="string_stac_dyn_normal_bus_macro" triggers="speed_gps" delay="0">
        <properties inputTransformParameterName="value" />
        <properties inputEventParameterIndex="0" />
        <properties targetInstance="string_stac_dyn_normal_bus" />
        <properties targetParameter="volume" />
        <properties duration="3000" />
        <breakpoints>
			<breakpoint in="0" out="-20" />
			<breakpoint in="5" out="-20" />
			<breakpoint in="15" out="-3" />
			<breakpoint in="1000" out="-3" />
        </breakpoints>
	</scaler>

    <scaler instanceId="string_stac_dyn_medium_bus_macro" triggers="speed_gps" delay="0">
        <properties inputTransformParameterName="value" />
        <properties inputEventParameterIndex="0" />
        <properties targetInstance="string_stac_dyn_medium_bus" />
        <properties targetParameter="volume" />
        <properties duration="3000" />
        <breakpoints>
			<breakpoint in="0" out="-20" />
			<breakpoint in="15" out="-20" />
			<breakpoint in="25" out="-3" />
			<breakpoint in="1000" out="-3" />
        </breakpoints>
	</scaler>

    <scaler instanceId="string_stac_dyn_fast_bus_macro" triggers="speed_gps" delay="0">
        <properties inputTransformParameterName="value" />
        <properties inputEventParameterIndex="0" />
        <properties targetInstance="string_stac_dyn_fast_bus" />
        <properties targetParameter="volume" />
        <properties duration="3000" />
        <breakpoints>
			<breakpoint in="0" out="-20" />
			<breakpoint in="35" out="-20" />
			<breakpoint in="45" out="-3" />
			<breakpoint in="1000" out="-3" />
        </breakpoints>
	</scaler>

	<scaler instanceId="drum_rolls_dyn_fast_bus_macro" triggers="speed_gps" delay="0">
        <properties inputTransformParameterName="value" />
        <properties inputEventParameterIndex="0" />
        <properties targetInstance="drum_rolls_dyn_fast_bus" />
        <properties targetParameter="volume" />
        <properties duration="3000" />
        <breakpoints>
			<breakpoint in="0" out="-30" />
			<breakpoint in="35" out="-30" />
			<breakpoint in="45" out="-3" />
			<breakpoint in="1000" out="-3" />
        </breakpoints>
	</scaler>

	<!-- LEGATO STRINGS -->
	<transform instanceId="string_legato_transform_0" triggers="speed0,start_bpp" delay="0">
        <properties targets="string_legato_bus" />
        <properties targetParameter="volume" value="-20" />
        <properties duration="0"   />
    </transform>

    <transform instanceId="string_legato_transform_1" triggers="speed1" delay="0">
        <properties targets="string_legato_bus" />
        <properties targetParameter="volume" value="-18" />
        <properties duration="2000"   />
    </transform>

    <transform instanceId="string_legato_transform_2" triggers="speed2" delay="0">
        <properties targets="string_legato_bus" />
        <properties targetParameter="volume" value="-15" />
        <properties duration="2000"   />
    </transform>

    <transform instanceId="string_legato_transform_3" triggers="speed3" delay="0">
        <properties targets="string_legato_bus" />
        <properties targetParameter="volume" value="-12" />
        <properties duration="2000"   />
    </transform>

    <transform instanceId="string_legato_transform_4" triggers="speed4" delay="0">
        <properties targets="string_legato_bus" />
        <properties targetParameter="volume" value="-10" />
        <properties duration="2000"   />
    </transform>


    <transform instanceId="string_legato_transform_5" triggers="speed5" delay="0">
        <properties targets="string_legato_bus" />
        <properties targetParameter="volume" value="-8" />
        <properties duration="2000"   />
    </transform>



    <scaler instanceId="horn_legato_bus_macro" triggers="speed_gps,dmaf_init" delay="0">
        <properties inputTransformParameterName="value" />
        <properties inputEventParameterIndex="0" />
        <properties targetInstance="horn_legato_bus" />
        <properties targetParameter="fx:0:frequency" />
        <properties duration="3000" />
        <breakpoints>
            <breakpoint in="0" out="20" />
            <breakpoint in="5" out="20" />
            <breakpoint in="7" out="20" />
            <breakpoint in="9" out="20" />
            <breakpoint in="11" out="20" />
            <breakpoint in="13" out="20" />
            <breakpoint in="15" out="100" />
            <breakpoint in="17" out="200" />
            <breakpoint in="19" out="300" />
            <breakpoint in="21" out="400" />
            <breakpoint in="23" out="500" />
            <breakpoint in="25" out="600" />
            <breakpoint in="27" out="900" />
            <breakpoint in="29" out="1200" />
            <breakpoint in="31" out="2000" />
            <breakpoint in="33" out="3000" />
            <breakpoint in="35" out="5000" />
            <breakpoint in="37" out="8000" />
            <breakpoint in="39" out="12000" />
            <breakpoint in="41" out="20000" />
            <breakpoint in="43" out="20000" />
            <breakpoint in="45" out="20000" />
        </breakpoints>
    </scaler>
</actions>
