<?xml version="1.0"?>
<actions>

	<midiProcessor instanceId="midi_transposer" triggers="synth_pad,string_legato,string_stac,string_stac_dyn_normal,string_stac_dyn_medium,string_stac_dyn_fast,horn_legato,trombone_legato,synth_bas,synth_bas_dyn_normal,synth_bas_dyn_medium,synth_bas_dyn_fast,synth_bas_dyn2,synth_dist,synth_dist_dyn_medium,synth_arp_1,synth_arp_1_dyn_normal,synth_arp_1_dyn_medium,synth_arp_1_dyn_fast,synth_arp_2,synth_arp_2_dyn_normal,synth_arp_2_dyn_medium,synth_arp_2_dyn_fast" delay="0">
		<properties  transpose="0" dynamic="0" quantize="off" scale="off" root="D4" />
	</midiProcessor>

    <transform triggers="transpose_0" instanceId="transpose_0" delay="0">
        <properties targets="midi_transposer" />
        <properties targetParameter="transpose" value="0" />
        <properties duration="0"   />
    </transform>

    <transform triggers="transpose_3" instanceId="transpose_3" delay="0">
        <properties targets="midi_transposer" />
        <properties targetParameter="transpose" value="3" />
        <properties duration="0"   />
    </transform>

    <transform triggers="transpose_minus_2" instanceId="transpose_minus_2" delay="0">
        <properties targets="midi_transposer" />
        <properties targetParameter="transpose" value="-2" />
        <properties duration="0"   />
    </transform>

    <transform triggers="transpose_1" instanceId="transpose_1" delay="0">
        <properties targets="midi_transposer" />
        <properties targetParameter="transpose" value="1" />
        <properties duration="0"   />
    </transform>

    <eventMapper triggers="transpose_0,transpose_1,transpose_3,transpose_minus_2" instanceId="midi_event_mapper" delay="0">
        <properties dispatch="ALWAYS" reTrig="0" clearPending="true"/>
        <eventMaps>
            <eventMap in="transpose_0" out="stop_notes"  />
            <eventMap in="transpose_1" out="stop_notes"  />
            <eventMap in="transpose_3" out="stop_notes"  />
            <eventMap in="transpose_minus_2" out="stop_notes"  />
        </eventMaps>
    </eventMapper>

<!--
    <customCode instanceId="mainController" triggers="dmaf_ready,turn,speed,normal_speed_from_still,start,stop,breaking,idle,normal_speed,medium_1_speed,medium_2_speed,high_1_speed,high_2_speed,transpose_pattern,metronome,do_transpose,stop_notes" >
    </customCode>
-->

</actions>

