<?xml version="1.0"?>
<actions>
	<stop instanceId="stop_instance" triggers="stopp_synths_after_transpose" delay="0">
        <properties targets="synth_pad,string_legato,string_stac,string_stac_dyn_normal,string_stac_dyn_medium,string_stac_dyn_fast,horn_legato,trombone_legato,synth_bas,synth_bas_dyn_normal,synth_bas_dyn_medium,synth_bas_dyn_fast,synth_bas_dyn2,synth_dist,synth_dist_dyn_medium,synth_arp_1,synth_arp_1_dyn_normal,synth_arp_1_dyn_medium,synth_arp_1_dyn_fast,synth_arp_2,synth_arp_2_dyn_normal,synth_arp_2_dyn_medium,synth_arp_2_dyn_fast" />
        <properties multiSuffix="undefined" />
    </stop>

    <!-- SAMPLERS -->
    <!-- string_legato -->
    <sampler instanceId="string_legato" triggers="string_legato">
        <properties transpose="0" ignoreNoteOff="false" instanceId="multi" loop="false" bus="string_legato_bus" volume="-15"/>
        <properties ampAttack="0" ampDecay="0" ampRelease="680" ampSustain="1" ampVelocityRatio="0"/>
        <properties filterOn="false" filterAttack="0" filterDecay="0" filterFrequency="0" filterGain="0" filterQ="1" filterRelease="0" filterSustain="0" filterVelocityRatio="0"/>
        <audioNodes/>
        <sampleMapGroups>
            <sampleMapGroup name="synths">
                <sampleMaps>
                    <sampleMap name="string_legato" velocityHigh="127" velocityLow="1"/>
                </sampleMaps>
            </sampleMapGroup>
        </sampleMapGroups>
    </sampler>

    <!-- horn_legato -->
    <sampler instanceId="horn_legato" triggers="horn_legato">
        <properties transpose="0" ignoreNoteOff="false" instanceId="multi" loop="false" bus="horn_legato_bus" volume="-6"/>
        <properties ampAttack="0" ampDecay="0" ampRelease="190" ampSustain="1" ampVelocityRatio="0"/>
        <properties filterAttack="0" filterDecay="0" filterFrequency="0" filterGain="0" filterOn="false" filterQ="1" filterRelease="0" filterSustain="0" filterVelocityRatio="0"/>
        <audioNodes/>
        <sampleMapGroups>
            <sampleMapGroup name="horn_legato">
                <sampleMaps>
                    <sampleMap name="horn_legato" velocityHigh="127" velocityLow="1"/>
                </sampleMaps>
            </sampleMapGroup>
        </sampleMapGroups>
    </sampler>

    <!-- string_stac -->
    <sampler instanceId="string_stac" triggers="string_stac">
        <properties transpose="0" ignoreNoteOff="false" instanceId="multi" loop="false" bus="string_stac_bus" volume="0"/>
        <properties ampAttack="0" ampDecay="0" ampRelease="303" ampSustain="1" ampVelocityRatio="0"/>
        <properties filterAttack="0" filterDecay="0" filterFrequency="0" filterGain="0" filterOn="false" filterQ="1" filterRelease="0" filterSustain="0" filterVelocityRatio="0"/>
        <audioNodes/>
        <sampleMapGroups>
            <sampleMapGroup name="string_stac">
                <sampleMaps>
                    <sampleMap name="string_stac" velocityHigh="127" velocityLow="1"/>
                </sampleMaps>
            </sampleMapGroup>
        </sampleMapGroups>
    </sampler>

    <!-- string_stac_dyn_normal -->
    <sampler instanceId="string_stac_dyn_normal" triggers="string_stac_dyn_normal">
        <properties transpose="0" ignoreNoteOff="false" instanceId="multi" loop="false" bus="string_stac_dyn_normal_bus" volume="0"/>
        <properties ampAttack="0" ampDecay="0" ampRelease="303" ampSustain="1" ampVelocityRatio="0"/>
        <properties filterAttack="0" filterDecay="0" filterFrequency="0" filterGain="0" filterOn="false" filterQ="1" filterRelease="0" filterSustain="0" filterVelocityRatio="0"/>
        <audioNodes/>
        <sampleMapGroups>
            <sampleMapGroup name="string_stac">
                <sampleMaps>
                    <sampleMap name="string_stac" velocityHigh="127" velocityLow="1"/>
                </sampleMaps>
            </sampleMapGroup>
        </sampleMapGroups>
    </sampler>

    <!-- string_stac_dyn_medium -->
    <sampler instanceId="string_stac_dyn_medium" triggers="string_stac_dyn_medium">
        <properties transpose="0" ignoreNoteOff="false" instanceId="multi" loop="false" bus="string_stac_dyn_medium_bus" volume="0"/>
        <properties ampAttack="0" ampDecay="0" ampRelease="303" ampSustain="1" ampVelocityRatio="0"/>
        <properties filterAttack="0" filterDecay="0" filterFrequency="0" filterGain="0" filterOn="false" filterQ="1" filterRelease="0" filterSustain="0" filterVelocityRatio="0"/>
        <audioNodes/>
        <sampleMapGroups>
            <sampleMapGroup name="string_stac">
                <sampleMaps>
                    <sampleMap name="string_stac" velocityHigh="127" velocityLow="1"/>
                </sampleMaps>
            </sampleMapGroup>
        </sampleMapGroups>
    </sampler>

    <!-- string_stac_dyn_fast -->
    <sampler instanceId="string_stac_dyn_fast" triggers="string_stac_dyn_fast">
        <properties transpose="0" ignoreNoteOff="false" instanceId="multi" loop="false" bus="string_stac_dyn_fast_bus" volume="0"/>
        <properties ampAttack="0" ampDecay="0" ampRelease="303" ampSustain="1" ampVelocityRatio="0"/>
        <properties filterAttack="0" filterDecay="0" filterFrequency="0" filterGain="0" filterOn="false" filterQ="1" filterRelease="0" filterSustain="0" filterVelocityRatio="0"/>
        <audioNodes/>
        <sampleMapGroups>
            <sampleMapGroup name="string_stac">
                <sampleMaps>
                    <sampleMap name="string_stac" velocityHigh="127" velocityLow="1"/>
                </sampleMaps>
            </sampleMapGroup>
        </sampleMapGroups>
    </sampler>

    <!-- trombone_legato -->
    <sampler instanceId="trombone_legato" triggers="trombone_legato">
        <properties transpose="0" ignoreNoteOff="false" instanceId="multi" loop="false" bus="trombone_legato_bus" volume="-3"/>
        <properties ampAttack="0" ampDecay="0" ampRelease="190" ampSustain="1" ampVelocityRatio="0"/>
        <properties filterAttack="0" filterDecay="0" filterFrequency="0" filterGain="0" filterOn="false" filterQ="1" filterRelease="0" filterSustain="0" filterVelocityRatio="0"/>
        <audioNodes/>
        <sampleMapGroups>
            <sampleMapGroup name="trombone_legato">
                <sampleMaps>
                    <sampleMap name="trombone_legato" velocityHigh="127" velocityLow="1"/>
                </sampleMaps>
            </sampleMapGroup>
        </sampleMapGroups>
    </sampler>

    <!-- drum_rolls -->
    <sampler instanceId="drum_rolls" triggers="drum_rolls">
        <properties transpose="0" ignoreNoteOff="false" instanceId="multi" loop="false" bus="drum_rolls_bus" volume="0"/>
        <properties ampAttack="0" ampDecay="0" ampRelease="20" ampSustain="1" ampVelocityRatio="0"/>
        <properties filterAttack="0" filterDecay="0" filterFrequency="0" filterGain="0" filterOn="false" filterQ="1" filterRelease="0" filterSustain="0" filterVelocityRatio="0"/>
        <audioNodes/>
        <sampleMapGroups>
            <sampleMapGroup name="drum_rolls">
                <sampleMaps>
                    <sampleMap name="drum_rolls" velocityHigh="127" velocityLow="1"/>
                </sampleMaps>
            </sampleMapGroup>
        </sampleMapGroups>
    </sampler>

    <!-- drum_rolls_dyn_fast -->
    <sampler instanceId="drum_rolls_dyn_fast" triggers="drum_rolls_dyn_fast">
        <properties transpose="0" ignoreNoteOff="false" instanceId="multi" loop="false" bus="drum_rolls_dyn_fast_bus" volume="0"/>
        <properties ampAttack="0" ampDecay="0" ampRelease="20" ampSustain="1" ampVelocityRatio="0"/>
        <properties filterAttack="0" filterDecay="0" filterFrequency="0" filterGain="0" filterOn="false" filterQ="1" filterRelease="0" filterSustain="0" filterVelocityRatio="0"/>
        <audioNodes/>
        <sampleMapGroups>
            <sampleMapGroup name="drum_rolls">
                <sampleMaps>
                    <sampleMap name="drum_rolls" velocityHigh="127" velocityLow="1"/>
                </sampleMaps>
            </sampleMapGroup>
        </sampleMapGroups>
    </sampler>

    <!-- synth_bas -->
    <sampler instanceId="synth_bas" triggers="synth_bas">
        <properties transpose="0" ignoreNoteOff="false" instanceId="multi" loop="false" bus="synth_bas_bus" volume="-9"/>
        <properties ampAttack="0" ampDecay="0" ampRelease="250" ampSustain="1" ampVelocityRatio="0"/>
        <properties filterAttack="0" filterDecay="0" filterFrequency="0" filterGain="0" filterOn="false" filterQ="1" filterRelease="0" filterSustain="0" filterVelocityRatio="0"/>
        <audioNodes/>
        <sampleMapGroups>
            <sampleMapGroup name="synth_bas">
                <sampleMaps>
                    <sampleMap name="synth_bas" velocityHigh="127" velocityLow="1"/>
                </sampleMaps>
            </sampleMapGroup>
        </sampleMapGroups>
    </sampler>

    <!-- synth_bas_dyn_normal -->
    <sampler instanceId="synth_bas_dyn_normal" triggers="synth_bas_dyn_normal">
        <properties transpose="0" ignoreNoteOff="true" instanceId="multi" loop="false" bus="synth_bas_dyn_normal_bus" volume="-5"/>
        <properties ampAttack="0" ampDecay="0" ampRelease="10" ampSustain="1" ampVelocityRatio="0"/>
        <properties filterAttack="0" filterDecay="0" filterFrequency="0" filterGain="0" filterOn="false" filterQ="1" filterRelease="0" filterSustain="0" filterVelocityRatio="0"/>
        <audioNodes/>
        <sampleMapGroups>
            <sampleMapGroup name="synth_bas">
                <sampleMaps>
                    <sampleMap name="synth_bas" velocityHigh="127" velocityLow="1"/>
                </sampleMaps>
            </sampleMapGroup>
        </sampleMapGroups>
    </sampler>

    <!-- synth_bas_dyn_medium -->
    <sampler instanceId="synth_bas_dyn_medium" triggers="synth_bas_dyn_medium">
        <properties transpose="0" ignoreNoteOff="true" instanceId="multi" loop="false" bus="synth_bas_dyn_medium_bus" volume="-5"/>
        <properties ampAttack="0" ampDecay="0" ampRelease="10" ampSustain="1" ampVelocityRatio="0"/>
        <properties filterAttack="0" filterDecay="0" filterFrequency="0" filterGain="0" filterOn="false" filterQ="1" filterRelease="0" filterSustain="0" filterVelocityRatio="0"/>
        <audioNodes/>
        <sampleMapGroups>
            <sampleMapGroup name="synth_bas">
                <sampleMaps>
                    <sampleMap name="synth_bas" velocityHigh="127" velocityLow="1"/>
                </sampleMaps>
            </sampleMapGroup>
        </sampleMapGroups>
    </sampler>

    <!-- synth_bas_dyn2 -->
    <sampler instanceId="synth_turn_dyn2" triggers="synth_bas_dyn2">
        <properties transpose="0" ignoreNoteOff="true" instanceId="multi" loop="false" bus="synth_bas_dyn2_bus" volume="-8"/>
        <properties ampAttack="0" ampDecay="0" ampRelease="50" ampSustain="1" ampVelocityRatio="0"/>
        <properties filterAttack="0" filterDecay="0" filterFrequency="0" filterGain="0" filterOn="false" filterQ="1" filterRelease="0" filterSustain="0" filterVelocityRatio="0"/>
        <audioNodes/>
        <sampleMapGroups>
            <sampleMapGroup name="synths">
                <sampleMaps>
                    <sampleMap name="synth_bas" velocityHigh="127" velocityLow="1"/>
                </sampleMaps>
            </sampleMapGroup>
        </sampleMapGroups>
    </sampler>

    <!-- synth_dist -->
    <sampler instanceId="synth_dist" triggers="synth_dist">
        <properties transpose="0" ignoreNoteOff="false" instanceId="multi" loop="false" bus="synth_dist_bus" volume="-9.5"/>
        <properties ampAttack="0" ampDecay="0" ampRelease="170" ampSustain="1" ampVelocityRatio="0"/>
        <properties filterAttack="0" filterDecay="0" filterFrequency="0" filterGain="0" filterOn="false" filterQ="1" filterRelease="0" filterSustain="0" filterVelocityRatio="0"/>
        <audioNodes/>
        <sampleMapGroups>
            <sampleMapGroup name="synth_dist">
                <sampleMaps>
                    <sampleMap name="synth_dist" velocityHigh="127" velocityLow="1"/>
                </sampleMaps>
            </sampleMapGroup>
        </sampleMapGroups>
    </sampler>

    <!-- synth_dist_dyn_medium -->
    <sampler instanceId="synth_dist_dyn_medium" triggers="synth_dist_dyn_medium">
        <properties transpose="0" ignoreNoteOff="false" instanceId="multi" loop="false" bus="synth_dist_dyn_medium_bus" volume="-9.5"/>
        <properties ampAttack="0" ampDecay="0" ampRelease="170" ampSustain="1" ampVelocityRatio="0"/>
        <properties filterAttack="0" filterDecay="0" filterFrequency="0" filterGain="0" filterOn="false" filterQ="1" filterRelease="0" filterSustain="0" filterVelocityRatio="0"/>
        <audioNodes/>
        <sampleMapGroups>
            <sampleMapGroup name="synth_dist">
                <sampleMaps>
                    <sampleMap name="synth_dist" velocityHigh="127" velocityLow="1"/>
                </sampleMaps>
            </sampleMapGroup>
        </sampleMapGroups>
    </sampler>

    <!-- synth_arp_1 -->
    <sampler instanceId="synth_arp_1" triggers="synth_arp_1">
        <properties transpose="0" ignoreNoteOff="false" instanceId="multi" loop="false" bus="synth_arp_1_bus" volume="-11"/>
        <properties ampAttack="0" ampDecay="0" ampRelease="140" ampSustain="1" ampVelocityRatio="0"/>
        <properties filterAttack="0" filterDecay="0" filterFrequency="0" filterGain="0" filterOn="false" filterQ="1" filterRelease="0" filterSustain="0" filterVelocityRatio="0"/>
        <audioNodes/>
        <sampleMapGroups>
            <sampleMapGroup name="synth_arp_1">
                <sampleMaps>
                    <sampleMap name="synth_arp_1" velocityHigh="127" velocityLow="1"/>
                </sampleMaps>
            </sampleMapGroup>
        </sampleMapGroups>
    </sampler>

    <!-- synth_arp_1_dyn_normal -->
    <sampler instanceId="synth_arp_1_dyn_normal" triggers="synth_arp_1_dyn_normal">
        <properties transpose="0" ignoreNoteOff="false" instanceId="multi" loop="false" bus="synth_arp_1_dyn_normal_bus" volume="-9"/>
        <properties ampAttack="0" ampDecay="0" ampRelease="130" ampSustain="1" ampVelocityRatio="0"/>
        <properties filterAttack="0" filterDecay="0" filterFrequency="0" filterGain="0" filterOn="false" filterQ="1" filterRelease="0" filterSustain="0" filterVelocityRatio="0"/>
        <audioNodes/>
        <sampleMapGroups>
            <sampleMapGroup name="synths">
                <sampleMaps>
                    <sampleMap name="synth_arp_1" velocityHigh="127" velocityLow="1"/>
                </sampleMaps>
            </sampleMapGroup>
        </sampleMapGroups>
    </sampler>

    <!-- synth_arp_1_dyn_medium -->
    <sampler instanceId="synth_arp_1_dyn_medium" triggers="synth_arp_1_dyn_medium">
        <properties transpose="0" ignoreNoteOff="false" instanceId="multi" loop="false" bus="synth_arp_1_dyn_medium_bus" volume="-12"/>
        <properties ampAttack="0" ampDecay="0" ampRelease="130" ampSustain="1" ampVelocityRatio="0"/>
        <properties filterAttack="0" filterDecay="0" filterFrequency="0" filterGain="0" filterOn="false" filterQ="1" filterRelease="0" filterSustain="0" filterVelocityRatio="0"/>
        <audioNodes/>
        <sampleMapGroups>
            <sampleMapGroup name="synths">
                <sampleMaps>
                    <sampleMap name="synth_arp_1" velocityHigh="127" velocityLow="1"/>
                </sampleMaps>
            </sampleMapGroup>
        </sampleMapGroups>
    </sampler>

    <!-- synth_arp_1_dyn_fast -->
    <sampler instanceId="synth_arp_1_dyn_fast" triggers="synth_arp_1_dyn_fast">
        <properties transpose="0" ignoreNoteOff="false" instanceId="multi" loop="false" bus="synth_arp_1_dyn_fast_bus" volume="-12"/>
        <properties ampAttack="0" ampDecay="0" ampRelease="130" ampSustain="1" ampVelocityRatio="0"/>
        <properties filterAttack="0" filterDecay="0" filterFrequency="0" filterGain="0" filterOn="false" filterQ="1" filterRelease="0" filterSustain="0" filterVelocityRatio="0"/>
        <audioNodes/>
        <sampleMapGroups>
            <sampleMapGroup name="synths">
                <sampleMaps>
                    <sampleMap name="synth_arp_1" velocityHigh="127" velocityLow="1"/>
                </sampleMaps>
            </sampleMapGroup>
        </sampleMapGroups>
    </sampler>

    <!-- synth_arp_2 -->
    <sampler instanceId="synth_arp_2" triggers="synth_arp_2">
        <properties transpose="0" ignoreNoteOff="false" instanceId="multi" loop="false" bus="synth_arp_2_bus" volume="-7"/>
        <properties ampAttack="0" ampDecay="0" ampRelease="50" ampSustain="1" ampVelocityRatio="0"/>
        <properties filterAttack="0" filterDecay="0" filterFrequency="20" filterGain="-46" filterType="LOWPASS" filterOn="true" filterQ="1" filterRelease="400" filterSustain="0" filterVelocityRatio="1"/>
        <audioNodes/>
        <sampleMapGroups>
            <sampleMapGroup name="synths">
                <sampleMaps>
                    <sampleMap name="synth_arp_2" velocityHigh="127" velocityLow="1"/>
                </sampleMaps>
            </sampleMapGroup>
        </sampleMapGroups>
    </sampler>

    <!-- synth_arp_2_dyn_medium -->
    <sampler instanceId="synth_arp_2_dyn_medium" triggers="synth_arp_2_dyn_medium">
        <properties transpose="0" ignoreNoteOff="false" instanceId="multi" loop="false" bus="synth_arp_2_dyn_medium_bus" volume="-7"/>
        <properties ampAttack="0" ampDecay="0" ampRelease="50" ampSustain="1" ampVelocityRatio="0"/>
        <properties filterAttack="0" filterDecay="0" filterFrequency="20" filterGain="-46" filterType="LOWPASS" filterOn="true" filterQ="1" filterRelease="400" filterSustain="0" filterVelocityRatio="1"/>
        <audioNodes/>
        <sampleMapGroups>
            <sampleMapGroup name="synths">
                <sampleMaps>
                    <sampleMap name="synth_arp_2" velocityHigh="127" velocityLow="1"/>
                </sampleMaps>
            </sampleMapGroup>
        </sampleMapGroups>
    </sampler>

    <!-- synth_bas_pad -->
    <sampler instanceId="synth_bas_pad" triggers="synth_bas_pad">
        <properties transpose="0" ignoreNoteOff="false" instanceId="multi" loop="false" bus="synth_bas_pad_bus" volume="-5.5"/>
        <properties ampAttack="0" ampDecay="0" ampRelease="900" ampSustain="1" ampVelocityRatio="0"/>
        <properties filterAttack="0" filterDecay="0" filterFrequency="0" filterGain="0" filterOn="false" filterQ="1" filterRelease="0" filterSustain="0" filterVelocityRatio="0"/>
        <audioNodes/>
        <sampleMapGroups>
            <sampleMapGroup name="synth_bas_pad">
                <sampleMaps>
                    <sampleMap name="synth_bas_pad" velocityHigh="127" velocityLow="1"/>
                </sampleMaps>
            </sampleMapGroup>
        </sampleMapGroups>
    </sampler>

    <!-- synth_pad -->
    <sampler instanceId="synth_pad" triggers="synth_pad">
        <properties transpose="0" ignoreNoteOff="false" instanceId="multi" loop="false" bus="synth_pad_bus" volume="-16"/>
        <properties ampAttack="500" ampDecay="0" ampRelease="570" ampSustain="1" ampVelocityRatio="0"/>
        <properties filterAttack="0" filterDecay="0" filterFrequency="20" filterGain="-36" filterOn="false" filterQ="1" filterRelease="0" filterSustain="0" filterVelocityRatio="0"/>
        <audioNodes/>
        <sampleMapGroups>
            <sampleMapGroup name="synth_pad">
                <sampleMaps>
                    <sampleMap name="synth_pad" velocityHigh="127" velocityLow="1"/>
                </sampleMaps>
            </sampleMapGroup>
        </sampleMapGroups>
    </sampler>

    <!-- drum_hit -->
    <sampler instanceId="drum_hit" triggers="drum_hit">
        <properties transpose="0" ignoreNoteOff="true" instanceId="multi" loop="false" bus="drum_hit_bus" volume="-6"/>
        <properties ampAttack="0" ampDecay="0" ampRelease="900" ampSustain="1" ampVelocityRatio="0"/>
        <properties filterAttack="0" filterDecay="0" filterFrequency="0" filterGain="0" filterOn="false" filterQ="1" filterRelease="0" filterSustain="0" filterVelocityRatio="0"/>
        <audioNodes/>
        <sampleMapGroups>
            <sampleMapGroup name="drum_hit">
                <sampleMaps>
                    <sampleMap name="drum_hit_2" velocityLow="1" velocityHigh="66"/>
                    <sampleMap name="drum_hit_3" velocityLow="67" velocityHigh="99"/>
                    <sampleMap name="drum_hit_4" velocityLow="100" velocityHigh="127"/>
                </sampleMaps>
            </sampleMapGroup>
        </sampleMapGroups>
    </sampler>

    <!-- drum_hit_dyn_fast -->
    <sampler instanceId="drum_hit_dyn_fast" triggers="drum_hit_dyn_fast">
        <properties transpose="0" ignoreNoteOff="true" instanceId="multi" loop="false" bus="drum_hit_dyn_fast_bus" volume="-6"/>
        <properties ampAttack="0" ampDecay="0" ampRelease="900" ampSustain="1" ampVelocityRatio="0"/>
        <properties filterAttack="0" filterDecay="0" filterFrequency="0" filterGain="0" filterOn="false" filterQ="1" filterRelease="0" filterSustain="0" filterVelocityRatio="0"/>
        <audioNodes/>
        <sampleMapGroups>
            <sampleMapGroup name="drum_hit">
                <sampleMaps>
                    <sampleMap name="drum_hit_2" velocityLow="1" velocityHigh="66"/>
                    <sampleMap name="drum_hit_3" velocityLow="67" velocityHigh="99"/>
                    <sampleMap name="drum_hit_4" velocityLow="100" velocityHigh="127"/>
                </sampleMaps>
            </sampleMapGroup>
        </sampleMapGroups>
    </sampler>

    <!-- cymbal_rolls -->
    <sampler instanceId="cymbal_rolls" triggers="cymbal_rolls">
        <properties transpose="0" ignoreNoteOff="false" instanceId="multi" loop="false" bus="master" volume="-6"/>
        <properties ampAttack="500" ampDecay="0" ampRelease="570" ampSustain="1" ampVelocityRatio="0"/>
        <properties filterAttack="0" filterDecay="0" filterFrequency="0" filterGain="0" filterOn="false" filterQ="1" filterRelease="0" filterSustain="0" filterVelocityRatio="0"/>
        <audioNodes/>
        <sampleMapGroups>
            <sampleMapGroup name="cymbal_rolls">
                <sampleMaps>
                    <sampleMap name="cymbal_rolls" velocityHigh="127" velocityLow="1"/>
                </sampleMaps>
            </sampleMapGroup>
        </sampleMapGroups>
    </sampler>

</actions>

