<?xml version="1.0"?>
<actions>
    <eventDispatcher instanceId="event_dispatcher_speed" delay="0" triggers="speed_gps,dmaf_init">
        <properties inputTransformParameterName="value" />
        <properties inputEventParameterIndex="0" />
        <properties dispatch="ON_CHANGE" />
        <properties outOfRange="CLAMP" />
            <eventDispatchMaps>
                <eventDispatchMap value="0" outEvent="speed0" />
                <eventDispatchMap value="5" outEvent="speed1" />
                <eventDispatchMap value="15" outEvent="speed2" />
                <eventDispatchMap value="25" outEvent="speed3" />
                <eventDispatchMap value="35" outEvent="speed4" />
                <eventDispatchMap value="45" outEvent="speed5" />
            </eventDispatchMaps>
    </eventDispatcher>

    <eventDispatcher instanceId="event_dispatcher_compass" delay="0" triggers="compass_change,dmaf_init">
        <properties inputTransformParameterName="value" />
        <properties inputEventParameterIndex="0" />
        <properties dispatch="ON_CHANGE" />
        <properties outOfRange="CLAMP" />
            <eventDispatchMaps>
                <eventDispatchMap value="-100" outEvent="turning" />
        		<eventDispatchMap value="-10" outEvent="straight" />
        		<eventDispatchMap value="10" outEvent="turning" />
            </eventDispatchMaps>
    </eventDispatcher>

	<SYJSpeedStraightKeyState instanceId="speedstraight" triggers="speed1,speed2,speed3,speed4,speed5,straight,turning" >
    	<properties keys="E,G,D,F" masterTempo="beatpatternplayer" />
	</SYJSpeedStraightKeyState>

	<eventMapper triggers="straight_intensity1_E,straight_intensity2_E,straight_intensity3_E,straight_intensity4_E,straight_intensity5_E,turning_intensity1_E,turning_intensity2_E,turning_intensity3_E,turning_intensity4_E,turning_intensity5_E,straight_again_intensity1_E,straight_again_intensity2_E,straight_again_intensity3_E,straight_again_intensity4_E,straight_again_intensity5_E" instanceId="e_mapper" delay="0">
        <properties dispatch="ALWAYS" reTrig="0" clearPending="true"/>
        <eventMaps>
            <eventMap in="straight_intensity1_E" out="normal_sync" />
            <eventMap in="straight_intensity2_E" out="medium_1_sync" />
            <eventMap in="straight_intensity3_E" out="medium_2_sync" />
            <eventMap in="straight_intensity4_E" out="fast_1_sync" />
            <eventMap in="straight_intensity5_E" out="fast_2_sync" />
            
            <eventMap in="straight_again_intensity1_E" out="normal_first_beat_after_turn" />
            <eventMap in="straight_again_intensity2_E" out="medium_1_first_beat" />
            <eventMap in="straight_again_intensity3_E" out="medium_2_first_beat" />
            <eventMap in="straight_again_intensity4_E" out="fast_1_first_beat" />
            <eventMap in="straight_again_intensity5_E" out="fast_2_first_beat" />
            
            <eventMap in="turning_intensity1_E" out="normal_turn_sync" />
            <eventMap in="turning_intensity2_E" out="medium_turn_sync" />
            <eventMap in="turning_intensity3_E" out="medium_turn_sync" />
            <eventMap in="turning_intensity4_E" out="fast_1_turn_sync" />
            <eventMap in="turning_intensity5_E" out="fast_2_turn_sync" />
        </eventMaps>
    </eventMapper>
    
    <eventMapper triggers="straight_intensity1_D,straight_intensity2_D,straight_intensity3_D,straight_intensity4_D,straight_intensity5_D,turning_intensity1_D,turning_intensity2_D,turning_intensity3_D,turning_intensity4_D,turning_intensity5_D,straight_again_intensity1_D,straight_again_intensity2_D,straight_again_intensity3_D,straight_again_intensity4_D,straight_again_intensity5_D" instanceId="d_mapper" delay="0">
        <properties dispatch="ALWAYS" reTrig="0" clearPending="true"/>
        <eventMaps>
            <eventMap in="straight_intensity1_D" out="normal_sync_d" />
            <eventMap in="straight_intensity2_D" out="medium_1_sync_d" />
            <eventMap in="straight_intensity3_D" out="medium_2_sync_d" />
            <eventMap in="straight_intensity4_D" out="fast_1_sync_d" />
            <eventMap in="straight_intensity5_D" out="fast_2_sync_d" />
            
            <eventMap in="straight_again_intensity1_D" out="normal_first_beat_after_turn_d" />
            <eventMap in="straight_again_intensity2_D" out="medium_1_first_beat_d" />
            <eventMap in="straight_again_intensity3_D" out="medium_2_first_beat_d" />
            <eventMap in="straight_again_intensity4_D" out="fast_1_first_beat_d" />
            <eventMap in="straight_again_intensity5_D" out="fast_2_first_beat_d" />
            
            <eventMap in="turning_intensity1_D" out="normal_turn_sync_d" />
            <eventMap in="turning_intensity2_D" out="medium_turn_sync_d" />
            <eventMap in="turning_intensity3_D" out="medium_turn_sync_d" />
            <eventMap in="turning_intensity4_D" out="fast_1_turn_sync_d" />
            <eventMap in="turning_intensity5_D" out="fast_2_turn_sync_d" />
        </eventMaps>
    </eventMapper>
    
    <eventMapper triggers="straight_intensity1_F,straight_intensity2_F,straight_intensity3_F,straight_intensity4_F,straight_intensity5_F,turning_intensity1_F,turning_intensity2_F,turning_intensity3_F,turning_intensity4_F,turning_intensity5_F,straight_again_intensity1_F,straight_again_intensity2_F,straight_again_intensity3_F,straight_again_intensity4_F,straight_again_intensity5_F" instanceId="f_mapper" delay="0">
        <properties dispatch="ALWAYS" reTrig="0" clearPending="true"/>
        <eventMaps>
            <eventMap in="straight_intensity1_F" out="normal_sync_f" />
            <eventMap in="straight_intensity2_F" out="medium_1_sync_f" />
            <eventMap in="straight_intensity3_F" out="medium_2_sync_f" />
            <eventMap in="straight_intensity4_F" out="fast_1_sync_f" />
            <eventMap in="straight_intensity5_F" out="fast_2_sync_f" />
            
            <eventMap in="straight_again_intensity1_F" out="normal_first_beat_after_turn_f" />
            <eventMap in="straight_again_intensity2_F" out="medium_1_first_beat_f" />
            <eventMap in="straight_again_intensity3_F" out="medium_2_first_beat_f" />
            <eventMap in="straight_again_intensity4_F" out="fast_1_first_beat_f" />
            <eventMap in="straight_again_intensity5_F" out="fast_2_first_beat_f" />
            
            <eventMap in="turning_intensity1_F" out="normal_turn_sync_f" />
            <eventMap in="turning_intensity2_F" out="medium_turn_sync_f" />
            <eventMap in="turning_intensity3_F" out="medium_turn_sync_f" />
            <eventMap in="turning_intensity4_F" out="fast_1_turn_sync_f" />
            <eventMap in="turning_intensity5_F" out="fast_2_turn_sync_f" />
        </eventMaps>
    </eventMapper>
    
    <eventMapper triggers="straight_intensity1_G,straight_intensity2_G,straight_intensity3_G,straight_intensity4_G,straight_intensity5_G,turning_intensity1_G,turning_intensity2_G,turning_intensity3_G,turning_intensity4_G,turning_intensity5_G,straight_again_intensity1_G,straight_again_intensity2_G,straight_again_intensity3_G,straight_again_intensity4_G,straight_again_intensity5_G" instanceId="g_mapper" delay="0">
        <properties dispatch="ALWAYS" reTrig="0" clearPending="true"/>
        <eventMaps>
            <eventMap in="straight_intensity1_G" out="normal_sync_g" />
            <eventMap in="straight_intensity2_G" out="medium_1_sync_g" />
            <eventMap in="straight_intensity3_G" out="medium_2_sync_g" />
            <eventMap in="straight_intensity4_G" out="fast_1_sync_g" />
            <eventMap in="straight_intensity5_G" out="fast_2_sync_g" />
            
            <eventMap in="straight_again_intensity1_G" out="normal_first_beat_after_turn_g" />
            <eventMap in="straight_again_intensity2_G" out="medium_1_first_beat_g" />
            <eventMap in="straight_again_intensity3_G" out="medium_2_first_beat_g" />
            <eventMap in="straight_again_intensity4_G" out="fast_1_first_beat_g" />
            <eventMap in="straight_again_intensity5_G" out="fast_2_first_beat_g" />
            
            <eventMap in="turning_intensity1_G" out="normal_turn_sync_g" />
            <eventMap in="turning_intensity2_G" out="medium_turn_sync_g" />
            <eventMap in="turning_intensity3_G" out="medium_turn_sync_g" />
            <eventMap in="turning_intensity4_G" out="fast_1_turn_sync_g" />
            <eventMap in="turning_intensity5_G" out="fast_2_turn_sync_g" />
        </eventMaps>
    </eventMapper>
</actions>

<eventMapper triggers="roll_intensity1_beat2,roll_intensity2_beat2,roll_intensity3_beat2,roll_intensity4_beat2,roll_intensity5_beat2,roll_intensity1_beat3,roll_intensity2_beat3,roll_intensity3_beat3,roll_intensity4_beat3,roll_intensity5_beat3,roll_intensity1_beat4,roll_intensity2_beat4,roll_intensity3_beat4,roll_intensity4_beat4,roll_intensity5_beat4,roll_intensity1_beat5,roll_intensity2_beat5,roll_intensity3_beat5,roll_intensity4_beat5,roll_intensity5_beat5,roll_intensity1_beat6,roll_intensity2_beat6,roll_intensity3_beat6,roll_intensity4_beat6,roll_intensity5_beat6,roll_intensity1_beat7,roll_intensity2_beat7,roll_intensity3_beat7,roll_intensity4_beat7,roll_intensity5_beat7,roll_intensity1_beat8,roll_intensity2_beat8,roll_intensity3_beat8,roll_intensity4_beat8,roll_intensity5_beat8,roll_intensity1_beat9,roll_intensity2_beat9,roll_intensity3_beat9,roll_intensity4_beat9,roll_intensity5_beat9,roll_intensity1_beat10,roll_intensity2_beat10,roll_intensity3_beat10,roll_intensity4_beat10,roll_intensity5_beat10,roll_intensity1_beat11,roll_intensity2_beat11,roll_intensity3_beat11,roll_intensity4_beat11,roll_intensity5_beat11,roll_intensity1_beat12,roll_intensity2_beat12,roll_intensity3_beat12,roll_intensity4_beat12,roll_intensity5_beat12,roll_intensity1_beat13,roll_intensity2_beat13,roll_intensity3_beat13,roll_intensity4_beat13,roll_intensity5_beat13,roll_intensity1_beat14,roll_intensity2_beat14,roll_intensity3_beat14,roll_intensity4_beat14,roll_intensity5_beat14,roll_intensity1_beat15,roll_intensity2_beat15,roll_intensity3_beat15,roll_intensity4_beat15,roll_intensity5_beat15,roll_intensity1_beat16,roll_intensity2_beat16,roll_intensity3_beat16,roll_intensity4_beat16,roll_intensity5_beat16" instanceId="stop_synths_mapper" delay="0">
        <properties dispatch="ALWAYS" reTrig="0" clearPending="true"/>
        <eventMaps>
            <eventMap in="roll_intensity1_beat2,roll_intensity2_beat2,roll_intensity3_beat2,roll_intensity4_beat2,roll_intensity5_beat2" out="stopp_synths_after_transpose" delay="1950" />
            <eventMap in="roll_intensity1_beat3,roll_intensity2_beat3,roll_intensity3_beat3,roll_intensity4_beat3,roll_intensity5_beat3" out="stopp_synths_after_transpose" delay="1820" />
            <eventMap in="roll_intensity1_beat4,roll_intensity2_beat4,roll_intensity3_beat4,roll_intensity4_beat4,roll_intensity5_beat4" out="stopp_synths_after_transpose" delay="1690" />
            <eventMap in="roll_intensity1_beat5,roll_intensity2_beat5,roll_intensity3_beat5,roll_intensity4_beat5,roll_intensity5_beat5" out="stopp_synths_after_transpose" delay="1560" />
            <eventMap in="roll_intensity1_beat6,roll_intensity2_beat6,roll_intensity3_beat6,roll_intensity4_beat6,roll_intensity5_beat6" out="stopp_synths_after_transpose" delay="1430" />
            <eventMap in="roll_intensity1_beat7,roll_intensity2_beat7,roll_intensity3_beat7,roll_intensity4_beat7,roll_intensity5_beat7" out="stopp_synths_after_transpose" delay="1300" />
            <eventMap in="roll_intensity1_beat8,roll_intensity2_beat8,roll_intensity3_beat8,roll_intensity4_beat8,roll_intensity5_beat8" out="stopp_synths_after_transpose" delay="1170" />
            <eventMap in="roll_intensity1_beat9,roll_intensity2_beat9,roll_intensity3_beat9,roll_intensity4_beat9,roll_intensity5_beat9" out="stopp_synths_after_transpose" delay="1040" />
            <eventMap in="roll_intensity1_beat10,roll_intensity2_beat10,roll_intensity3_beat10,roll_intensity4_beat10,roll_intensity5_beat10" out="stopp_synths_after_transpose" delay="910" />
            <eventMap in="roll_intensity1_beat11,roll_intensity2_beat11,roll_intensity3_beat11,roll_intensity4_beat11,roll_intensity5_beat11" out="stopp_synths_after_transpose" delay="780" />
            <eventMap in="roll_intensity1_beat12,roll_intensity2_beat12,roll_intensity3_beat12,roll_intensity4_beat12,roll_intensity5_beat12" out="stopp_synths_after_transpose" delay="650" />
            <eventMap in="roll_intensity1_beat13,roll_intensity2_beat13,roll_intensity3_beat13,roll_intensity4_beat13,roll_intensity5_beat13" out="stopp_synths_after_transpose" delay="520" />
            <eventMap in="roll_intensity1_beat14,roll_intensity2_beat14,roll_intensity3_beat14,roll_intensity4_beat14,roll_intensity5_beat14" out="stopp_synths_after_transpose" delay="390" />
            <eventMap in="roll_intensity1_beat15,roll_intensity2_beat15,roll_intensity3_beat15,roll_intensity4_beat15,roll_intensity5_beat15" out="stopp_synths_after_transpose" delay="260" />
            <eventMap in="roll_intensity1_beat16,roll_intensity2_beat16,roll_intensity3_beat16,roll_intensity4_beat16,roll_intensity5_beat16" out="stopp_synths_after_transpose" delay="130"/>
        </eventMaps>
    </eventMapper>
</actions>

<!--
straight_intensity1_E,straight_intensity2_E,straight_intensity3_E,straight_intensity4_E,straight_intensity5_E,turning_intensity1_E,turning_intensity2_E,turning_intensity3_E,turning_intensity4_E,turning_intensity5_E,straight_again_intensity1_E,straight_again_intensity2_E,straight_again_intensity3_E,straight_again_intensity4_E,straight_again_intensity5_E



straight_intensity1_D,straight_intensity2_D,straight_intensity3_D,straight_intensity4_D,straight_intensity5_D

straight_intensity1_F,straight_intensity2_F,straight_intensity3_F,straight_intensity4_F,straight_intensity5_F

straight_intensity1_G,straight_intensity2_G,straight_intensity3_G,straight_intensity4_G,straight_intensity5_G



turning_intensity1_D,turning_intensity2_D,turning_intensity3_D,turning_intensity4_D,turning_intensity5_D,

turning_intensity1_F,turning_intensity2_F,turning_intensity3_F,turning_intensity4_F,turning_intensity5_F,

turning_intensity1_G,turning_intensity2_G,turning_intensity3_G,turning_intensity4_G,turning_intensity5_G



straight_again_intensity1_D
straight_again_intensity2_D
straight_again_intensity3_D
straight_again_intensity4_D
straight_again_intensity5_D

straight_again_intensity1_F
straight_again_intensity2_F
straight_again_intensity3_F
straight_again_intensity4_F
straight_again_intensity5_F

straight_again_intensity1_G
straight_again_intensity2_G
straight_again_intensity3_G
straight_again_intensity4_G
straight_again_intensity5_G
-->