<?xml version="1.0"?>
<actions>

    <!-- BEATPATTERNPLAYERS -->

	<eventDispatcher instanceId="event_dispatcher" delay="0" triggers="speed,dmaf_init">
        <properties inputTransformParameterName="value" />
        <properties inputEventParameterIndex="0" />
        <properties dispatch="ON_CHANGE" />
        <properties outOfRange="CLAMP" />
        	<eventDispatchMaps>
        		<eventDispatchMap value="0" outEvent="speed_0" />
        		<eventDispatchMap value="5" outEvent="speed_1" />
        		<eventDispatchMap value="15" outEvent="speed_2" />
        		<eventDispatchMap value="25" outEvent="speed_3" />
        	</eventDispatchMaps>
	</eventDispatcher>
	
	<midiProcessor instanceId="midi_transposer" triggers="string_stac,dmaf_init">
		<properties  transpose="0" dynamic="0" quantize="off" scale="off" root="D4" />
	</midiProcessor>

    <transform triggers="speed_1,speed_0" instanceId="transpose_0">
        <properties targets="midi_transposer" />
        <properties targetParameter="transpose" value="0" />
        <properties duration="0"   />
    </transform>
    
    <transform triggers="speed_2" instanceId="transpose_0">
        <properties targets="midi_transposer" />
        <properties targetParameter="transpose" value="1" />
        <properties duration="0"   />
    </transform>
    
    <transform triggers="speed_3" instanceId="transpose_0">
        <properties targets="midi_transposer" />
        <properties targetParameter="transpose" value="2" />
        <properties duration="0"   />
    </transform>
    
    <genericPlay instanceId="zero" triggers="speed_0">
        <properties  soundFile="zero" volume="0" />
        <properties loop="OFF" loopTime="0" reTrig="ALWAYS" returnEvent="OFF" returnEventTime="0" />
        <properties bus="master" timingCorrection="PLAY" fadeIn="0" pan="0" />
    </genericPlay>
    
    <genericPlay instanceId="one" triggers="speed_1">
        <properties  soundFile="one" volume="0" />
        <properties loop="OFF" loopTime="0" reTrig="ALWAYS" returnEvent="OFF" returnEventTime="0" />
        <properties bus="master" timingCorrection="PLAY" fadeIn="0" pan="0" />
    </genericPlay>
    
    <genericPlay instanceId="two" triggers="speed_2">
        <properties  soundFile="two" volume="0" />
        <properties loop="OFF" loopTime="0" reTrig="ALWAYS" returnEvent="OFF" returnEventTime="0" />
        <properties bus="master" timingCorrection="PLAY" fadeIn="0" pan="0" />
    </genericPlay>
    
    <genericPlay instanceId="three" triggers="speed_3">
        <properties  soundFile="three" volume="0" />
        <properties loop="OFF" loopTime="0" reTrig="ALWAYS" returnEvent="OFF" returnEventTime="0" />
        <properties bus="master" timingCorrection="PLAY" fadeIn="0" pan="0" />
    </genericPlay>
			
 	<beatPatternPlayer instanceId="beatpatternplayer" triggers="stop">
        <flowItems>
            <stop songPosition="NEXT_BAR"/>
        </flowItems>
    </beatPatternPlayer>

    <beatPatternPlayer instanceId="beatpatternplayer" triggers="start_bpp">
        <flowItems>
            <start beatsPerBar="16" tempo="115"/>
        </flowItems>
    </beatPatternPlayer>
    
    <beatPatternPlayer instanceId="beatpatternplayer" triggers="speed_0">
        <flowItems>
            <add channel="string_stac_a" patternId="string_stac_empty" clearPending="true" clearPosition="NEXT_BEAT" loop="true" loopLength="64" patternPosition="SYNC" replaceActive="true" setAsCurrent="false" songPosition="NEXT_BEAT"/>
        </flowItems>
    </beatPatternPlayer>    
    <beatPatternPlayer instanceId="beatpatternplayer" triggers="speed_1">
        <flowItems>
			<add channel="sync_channel" patternId="sync_channel" clearPending="true" clearPosition="NEXT_BEAT" loop="true" loopLength="64" patternPosition="FIRST_BEAT" replaceActive="true" setAsCurrent="true" songPosition="NEXT_BEAT"/>
            <add channel="string_stac_a" patternId="string_stac_a_normal" clearPending="true" clearPosition="NEXT_BEAT" loop="true" loopLength="64" patternPosition="SYNC" replaceActive="true" setAsCurrent="false" songPosition="NEXT_BEAT"/>
        </flowItems>
    </beatPatternPlayer>

    <beatPatternPlayer instanceId="beatpatternplayer" triggers="speed_2">
        <flowItems>
            <add channel="string_stac_a" patternId="string_stac_a_medium" clearPending="true" clearPosition="NEXT_BEAT" loop="true" loopLength="64" patternPosition="SYNC" replaceActive="true" setAsCurrent="false" songPosition="NEXT_BEAT"/>
        </flowItems>
    </beatPatternPlayer>    

    <beatPatternPlayer instanceId="beatpatternplayer" triggers="speed_3">
        <flowItems>
            <add channel="string_stac_a" patternId="string_stac_a_fast" clearPending="true" clearPosition="NEXT_BEAT" loop="true" loopLength="64" patternPosition="SYNC" replaceActive="true" setAsCurrent="false" songPosition="NEXT_BEAT"/>
        </flowItems>
    </beatPatternPlayer>    
	

</actions>



