<?xml version="1.0"?>
<actions>

    <!-- BEATPATTERNPLAYERS -->

	
 	<beatPatternPlayer instanceId="beatpatternplayer" triggers="stop_bpp">
        <flowItems>
            <stop songPosition="NEXT_BAR"/>
        </flowItems>
    </beatPatternPlayer>

    <beatPatternPlayer instanceId="beatpatternplayer" triggers="start">
        <flowItems>
            <start beatsPerBar="16" tempo="115"/>
            <add channel="sync_channel" patternId="sync_channel" clearPending="false" clearPosition="NEXT_BAR" loop="true" loopLength="64" patternPosition="FIRST_BEAT" replaceActive="true" setAsCurrent="true" songPosition="NEXT_BAR"/>
            <add channel="synth_pad_a" patternId="synth_pad_idle" clearPending="false" clearPosition="NEXT_BAR" loop="true" loopLength="64" patternPosition="FIRST_BEAT" replaceActive="true" setAsCurrent="false" songPosition="NEXT_BAR"/>
            <add channel="string_legato_a" patternId="string_legato_idle" clearPending="false" clearPosition="NEXT_BAR" loop="true" loopLength="64"  patternPosition="FIRST_BEAT" replaceActive="true" setAsCurrent="false" songPosition="NEXT_BAR"/>
           <!-- 
            <add channel="drum_hit_a" patternId="drum_hit_empty" clearPending="false" clearPosition="NEXT_BAR" loop="true" loopLength="64"  patternPosition="FIRST_BEAT" replaceActive="true" setAsCurrent="false" songPosition="NEXT_BAR"/>
            <add channel="drum_hit_dyn_a" patternId="drum_hit_dyn_empty" clearPending="false" clearPosition="NEXT_BAR" loop="true" loopLength="64"  patternPosition="FIRST_BEAT" replaceActive="true" setAsCurrent="false" songPosition="NEXT_BAR"/>
            <add channel="drum_rolls_dyn_a" patternId="drum_rolls_dyn_empty" clearPending="false" clearPosition="NEXT_BAR" loop="true" loopLength="64" patternPosition="FIRST_BEAT" replaceActive="true" setAsCurrent="false" songPosition="NEXT_BAR"/>
            <add channel="cymbal_rolls" patternId="cymbal_rolls_empty" clearPending="false" clearPosition="NEXT_BAR" loop="true" loopLength="64" patternPosition="FIRST_BEAT" replaceActive="true" setAsCurrent="false" songPosition="NEXT_BAR"/>

            <add channel="string_stac_a" patternId="string_stac_empty" clearPending="false" clearPosition="NEXT_BAR" loop="true" loopLength="64" patternPosition="FIRST_BEAT" replaceActive="true" setAsCurrent="false" songPosition="NEXT_BAR"/>
            <add channel="string_stac_dyn_a" patternId="string_stac_empty" clearPending="false" clearPosition="NEXT_BAR" loop="true" loopLength="64" patternPosition="FIRST_BEAT" replaceActive="true" setAsCurrent="false" songPosition="NEXT_BAR"/>
            <add channel="horn_legato_a" patternId="horn_legato_empty" clearPending="false" clearPosition="NEXT_BAR" loop="true" loopLength="64" patternPosition="FIRST_BEAT" replaceActive="true" setAsCurrent="false" songPosition="NEXT_BAR"/>
            <add channel="horn_stac" patternId="horn_stac_empty" clearPending="false" clearPosition="NEXT_BAR" loop="true" loopLength="64" patternPosition="FIRST_BEAT" replaceActive="true" setAsCurrent="false" songPosition="NEXT_BAR"/>
            <add channel="trombone_legato_a" patternId="trombone_legato_empty" clearPending="false" clearPosition="NEXT_BAR" loop="true" loopLength="64" patternPosition="FIRST_BEAT" replaceActive="true" setAsCurrent="false" songPosition="NEXT_BAR"/>
            <add channel="trombone_stac" patternId="trombone_stac_empty" clearPending="false" clearPosition="NEXT_BAR" loop="true" loopLength="64" patternPosition="FIRST_BEAT" replaceActive="true" setAsCurrent="false" songPosition="NEXT_BAR"/>
            <add channel="trumpet_legato_a" patternId="trumpet_legato_empty" clearPending="false" clearPosition="NEXT_BAR" loop="true" loopLength="64" patternPosition="FIRST_BEAT" replaceActive="true" setAsCurrent="false" songPosition="NEXT_BAR"/>
            <add channel="trumpet_stac" patternId="trumpet_stac_empty" clearPending="false" clearPosition="NEXT_BAR" loop="true" loopLength="64" patternPosition="FIRST_BEAT" replaceActive="true" setAsCurrent="false" songPosition="NEXT_BAR"/>

            <add channel="synth_bas_a" patternId="synth_bas_empty" clearPending="false" clearPosition="NEXT_BAR" loop="true" loopLength="64" patternPosition="FIRST_BEAT" replaceActive="true" setAsCurrent="false" songPosition="NEXT_BAR"/>
            <add channel="synth_bas_dyn_a" patternId="synth_bas_dyn_empty" clearPending="false" clearPosition="NEXT_BAR" loop="true" loopLength="64" patternPosition="FIRST_BEAT" replaceActive="true" setAsCurrent="false" songPosition="NEXT_BAR"/>
            <add channel="synth_bas_dyn2" patternId="synth_bas_empty" clearPending="false" clearPosition="NEXT_BAR" loop="true" loopLength="64" patternPosition="FIRST_BEAT" replaceActive="true" setAsCurrent="false" songPosition="NEXT_BAR"/>
            <add channel="synth_bas_pad_a" patternId="synth_bas_pad_empty" clearPending="false" clearPosition="NEXT_BAR" loop="true" loopLength="64" patternPosition="FIRST_BEAT" replaceActive="true" setAsCurrent="false" songPosition="NEXT_BAR"/>
            <add channel="synth_dist" patternId="synth_dist_empty" clearPending="false" clearPosition="NEXT_BAR" loop="true" loopLength="64" patternPosition="FIRST_BEAT" replaceActive="true" setAsCurrent="false" songPosition="NEXT_BAR"/>
            <add channel="synth_dist_dyn_a" patternId="synth_dist_dyn_empty" clearPending="false" clearPosition="NEXT_BAR" loop="true" loopLength="64" patternPosition="FIRST_BEAT" replaceActive="true" setAsCurrent="false" songPosition="NEXT_BAR"/>
            <add channel="synth_arp_1_a" patternId="synth_arp_1_empty" clearPending="false" clearPosition="NEXT_BAR" loop="true" loopLength="64" patternPosition="FIRST_BEAT" replaceActive="true" setAsCurrent="false" songPosition="NEXT_BAR"/>
            <add channel="synth_arp_2_a" patternId="synth_arp_2_empty" clearPending="false" clearPosition="NEXT_BAR" loop="true" loopLength="64" patternPosition="FIRST_BEAT" replaceActive="true" setAsCurrent="false" songPosition="NEXT_BAR"/>
            <add channel="synth_arp_1_dyn_a" patternId="synth_arp_1_dyn_empty" clearPending="false" clearPosition="NEXT_BAR" loop="true" loopLength="64" patternPosition="FIRST_BEAT" replaceActive="true" setAsCurrent="false" songPosition="NEXT_BAR"/>
            <add channel="synth_arp_2_dyn_a" patternId="synth_arp_2_dyn_empty" clearPending="false" clearPosition="NEXT_BAR" loop="true" loopLength="64" patternPosition="FIRST_BEAT" replaceActive="true" setAsCurrent="false" songPosition="NEXT_BAR"/> -->
        </flowItems>
    </beatPatternPlayer>
    
    <beatPatternPlayer instanceId="beatpatternplayer" triggers="idle">
        <flowItems>
            <add channel="synth_pad_a" patternId="synth_pad_idle" clearPending="false" clearPosition="NEXT_BAR" loop="true" loopLength="64" patternPosition="SYNC" replaceActive="true" setAsCurrent="false" songPosition="NEXT_BAR"/>
            <add channel="string_legato_a" patternId="string_legato_idle" clearPending="false" clearPosition="NEXT_BAR" loop="true" loopLength="64"  patternPosition="SYNC" replaceActive="true" setAsCurrent="false" songPosition="NEXT_BAR"/>
           <!-- 
            <add channel="drum_hit_a" patternId="drum_hit_empty" clearPending="false" clearPosition="NEXT_BAR" loop="true" loopLength="64"  patternPosition="SYNC" replaceActive="true" setAsCurrent="false" songPosition="NEXT_BAR"/>
            <add channel="drum_hit_dyn_a" patternId="drum_hit_dyn_empty" clearPending="false" clearPosition="NEXT_BAR" loop="true" loopLength="64"  patternPosition="SYNC" replaceActive="true" setAsCurrent="false" songPosition="NEXT_BAR"/>
            <add channel="drum_rolls_dyn_a" patternId="drum_rolls_dyn_empty" clearPending="false" clearPosition="NEXT_BAR" loop="true" loopLength="64" patternPosition="SYNC" replaceActive="true" setAsCurrent="false" songPosition="NEXT_BAR"/>
            <add channel="cymbal_rolls" patternId="cymbal_rolls_empty" clearPending="false" clearPosition="NEXT_BAR" loop="true" loopLength="64" patternPosition="SYNC" replaceActive="true" setAsCurrent="false" songPosition="NEXT_BAR"/>

            <add channel="string_stac_a" patternId="string_stac_empty" clearPending="false" clearPosition="NEXT_BAR" loop="true" loopLength="64" patternPosition="SYNC" replaceActive="true" setAsCurrent="false" songPosition="NEXT_BAR"/>
            <add channel="string_stac_dyn_a" patternId="string_stac_empty" clearPending="false" clearPosition="NEXT_BAR" loop="true" loopLength="64" patternPosition="SYNC" replaceActive="true" setAsCurrent="false" songPosition="NEXT_BAR"/>
            <add channel="horn_legato_a" patternId="horn_legato_empty" clearPending="false" clearPosition="NEXT_BAR" loop="true" loopLength="64" patternPosition="SYNC" replaceActive="true" setAsCurrent="false" songPosition="NEXT_BAR"/>
            <add channel="horn_stac" patternId="horn_stac_empty" clearPending="false" clearPosition="NEXT_BAR" loop="true" loopLength="64" patternPosition="SYNC" replaceActive="true" setAsCurrent="false" songPosition="NEXT_BAR"/>
            <add channel="trombone_legato_a" patternId="trombone_legato_empty" clearPending="false" clearPosition="NEXT_BAR" loop="true" loopLength="64" patternPosition="SYNC" replaceActive="true" setAsCurrent="false" songPosition="NEXT_BAR"/>
            <add channel="trombone_stac" patternId="trombone_stac_empty" clearPending="false" clearPosition="NEXT_BAR" loop="true" loopLength="64" patternPosition="SYNC" replaceActive="true" setAsCurrent="false" songPosition="NEXT_BAR"/>
            <add channel="trumpet_legato_a" patternId="trumpet_legato_empty" clearPending="false" clearPosition="NEXT_BAR" loop="true" loopLength="64" patternPosition="SYNC" replaceActive="true" setAsCurrent="false" songPosition="NEXT_BAR"/>
            <add channel="trumpet_stac" patternId="trumpet_stac_empty" clearPending="false" clearPosition="NEXT_BAR" loop="true" loopLength="64" patternPosition="SYNC" replaceActive="true" setAsCurrent="false" songPosition="NEXT_BAR"/>

            <add channel="synth_bas_a" patternId="synth_bas_empty" clearPending="false" clearPosition="NEXT_BAR" loop="true" loopLength="64" patternPosition="SYNC" replaceActive="true" setAsCurrent="false" songPosition="NEXT_BAR"/>
            <add channel="synth_bas_dyn_a" patternId="synth_bas_dyn_empty" clearPending="false" clearPosition="NEXT_BAR" loop="true" loopLength="64" patternPosition="SYNC" replaceActive="true" setAsCurrent="false" songPosition="NEXT_BAR"/>
            <add channel="synth_bas_dyn2" patternId="synth_bas_empty" clearPending="false" clearPosition="NEXT_BAR" loop="true" loopLength="64" patternPosition="SYNC" replaceActive="true" setAsCurrent="false" songPosition="NEXT_BAR"/>
            <add channel="synth_bas_pad_a" patternId="synth_bas_pad_empty" clearPending="false" clearPosition="NEXT_BAR" loop="true" loopLength="64" patternPosition="SYNC" replaceActive="true" setAsCurrent="false" songPosition="NEXT_BAR"/>
            <add channel="synth_dist" patternId="synth_dist_empty" clearPending="false" clearPosition="NEXT_BAR" loop="true" loopLength="64" patternPosition="SYNC" replaceActive="true" setAsCurrent="false" songPosition="NEXT_BAR"/>
            <add channel="synth_dist_dyn_a" patternId="synth_dist_dyn_empty" clearPending="false" clearPosition="NEXT_BAR" loop="true" loopLength="64" patternPosition="SYNC" replaceActive="true" setAsCurrent="false" songPosition="NEXT_BAR"/>
            <add channel="synth_arp_1_a" patternId="synth_arp_1_empty" clearPending="false" clearPosition="NEXT_BAR" loop="true" loopLength="64" patternPosition="SYNC" replaceActive="true" setAsCurrent="false" songPosition="NEXT_BAR"/>
            <add channel="synth_arp_2_a" patternId="synth_arp_2_empty" clearPending="false" clearPosition="NEXT_BAR" loop="true" loopLength="64" patternPosition="SYNC" replaceActive="true" setAsCurrent="false" songPosition="NEXT_BAR"/>
            <add channel="synth_arp_1_dyn_a" patternId="synth_arp_1_dyn_empty" clearPending="false" clearPosition="NEXT_BAR" loop="true" loopLength="64" patternPosition="SYNC" replaceActive="true" setAsCurrent="false" songPosition="NEXT_BAR"/>
            <add channel="synth_arp_2_dyn_a" patternId="synth_arp_2_dyn_empty" clearPending="false" clearPosition="NEXT_BAR" loop="true" loopLength="64" patternPosition="SYNC" replaceActive="true" setAsCurrent="false" songPosition="NEXT_BAR"/> -->
        </flowItems>
    </beatPatternPlayer>    
    <beatPatternPlayer instanceId="beatpatternplayer" triggers="test_1">
        <flowItems>
        
            <add channel="string_stac_a" patternId="string_stac_a_normal" clearPending="false" clearPosition="NEXT_BAR" loop="true" loopLength="64" patternPosition="SYNC" replaceActive="true" setAsCurrent="false" songPosition="NEXT_BAR"/>
            <add channel="synth_pad_a" patternId="synth_pad_empty" clearPending="false" clearPosition="NEXT_BAR" loop="true" loopLength="64" patternPosition="SYNC" replaceActive="true" setAsCurrent="false" songPosition="NEXT_BAR"/>
            <add channel="string_legato_a" patternId="string_legato_empty" clearPending="false" clearPosition="NEXT_BAR" loop="true" loopLength="64"  patternPosition="SYNC" replaceActive="true" setAsCurrent="false" songPosition="NEXT_BAR"/>
          <!--  
            <add channel="drum_hit_a" patternId="drum_hit_empty" clearPending="false" clearPosition="NEXT_BAR" loop="true" loopLength="64"  patternPosition="SYNC" replaceActive="true" setAsCurrent="false" songPosition="NEXT_BAR"/>
            <add channel="drum_hit_dyn_a" patternId="drum_hit_dyn_empty" clearPending="false" clearPosition="NEXT_BAR" loop="true" loopLength="64"  patternPosition="SYNC" replaceActive="true" setAsCurrent="false" songPosition="NEXT_BAR"/>
            <add channel="drum_rolls_dyn_a" patternId="drum_rolls_dyn_empty" clearPending="false" clearPosition="NEXT_BAR" loop="true" loopLength="64" patternPosition="SYNC" replaceActive="true" setAsCurrent="false" songPosition="NEXT_BAR"/>
            <add channel="cymbal_rolls" patternId="cymbal_rolls_empty" clearPending="false" clearPosition="NEXT_BAR" loop="true" loopLength="64" patternPosition="SYNC" replaceActive="true" setAsCurrent="false" songPosition="NEXT_BAR"/>

            <add channel="string_stac_dyn_a" patternId="string_stac_empty" clearPending="false" clearPosition="NEXT_BAR" loop="true" loopLength="64" patternPosition="SYNC" replaceActive="true" setAsCurrent="false" songPosition="NEXT_BAR"/>
            <add channel="horn_legato_a" patternId="horn_legato_empty" clearPending="false" clearPosition="NEXT_BAR" loop="true" loopLength="64" patternPosition="SYNC" replaceActive="true" setAsCurrent="false" songPosition="NEXT_BAR"/>
            <add channel="horn_stac" patternId="horn_stac_empty" clearPending="false" clearPosition="NEXT_BAR" loop="true" loopLength="64" patternPosition="SYNC" replaceActive="true" setAsCurrent="false" songPosition="NEXT_BAR"/>
            <add channel="trombone_legato_a" patternId="trombone_legato_empty" clearPending="false" clearPosition="NEXT_BAR" loop="true" loopLength="64" patternPosition="SYNC" replaceActive="true" setAsCurrent="false" songPosition="NEXT_BAR"/>
            <add channel="trombone_stac" patternId="trombone_stac_empty" clearPending="false" clearPosition="NEXT_BAR" loop="true" loopLength="64" patternPosition="SYNC" replaceActive="true" setAsCurrent="false" songPosition="NEXT_BAR"/>
            <add channel="trumpet_legato_a" patternId="trumpet_legato_empty" clearPending="false" clearPosition="NEXT_BAR" loop="true" loopLength="64" patternPosition="SYNC" replaceActive="true" setAsCurrent="false" songPosition="NEXT_BAR"/>
            <add channel="trumpet_stac" patternId="trumpet_stac_empty" clearPending="false" clearPosition="NEXT_BAR" loop="true" loopLength="64" patternPosition="SYNC" replaceActive="true" setAsCurrent="false" songPosition="NEXT_BAR"/>

            <add channel="synth_bas_a" patternId="synth_bas_empty" clearPending="false" clearPosition="NEXT_BAR" loop="true" loopLength="64" patternPosition="SYNC" replaceActive="true" setAsCurrent="false" songPosition="NEXT_BAR"/>
            <add channel="synth_bas_dyn_a" patternId="synth_bas_dyn_empty" clearPending="false" clearPosition="NEXT_BAR" loop="true" loopLength="64" patternPosition="SYNC" replaceActive="true" setAsCurrent="false" songPosition="NEXT_BAR"/>
            <add channel="synth_bas_dyn2" patternId="synth_bas_empty" clearPending="false" clearPosition="NEXT_BAR" loop="true" loopLength="64" patternPosition="SYNC" replaceActive="true" setAsCurrent="false" songPosition="NEXT_BAR"/>
            <add channel="synth_bas_pad_a" patternId="synth_bas_pad_empty" clearPending="false" clearPosition="NEXT_BAR" loop="true" loopLength="64" patternPosition="SYNC" replaceActive="true" setAsCurrent="false" songPosition="NEXT_BAR"/>
            <add channel="synth_dist" patternId="synth_dist_empty" clearPending="false" clearPosition="NEXT_BAR" loop="true" loopLength="64" patternPosition="SYNC" replaceActive="true" setAsCurrent="false" songPosition="NEXT_BAR"/>
            <add channel="synth_dist_dyn_a" patternId="synth_dist_dyn_empty" clearPending="false" clearPosition="NEXT_BAR" loop="true" loopLength="64" patternPosition="SYNC" replaceActive="true" setAsCurrent="false" songPosition="NEXT_BAR"/>
            <add channel="synth_arp_1_a" patternId="synth_arp_1_empty" clearPending="false" clearPosition="NEXT_BAR" loop="true" loopLength="64" patternPosition="SYNC" replaceActive="true" setAsCurrent="false" songPosition="NEXT_BAR"/>
            <add channel="synth_arp_2_a" patternId="synth_arp_2_empty" clearPending="false" clearPosition="NEXT_BAR" loop="true" loopLength="64" patternPosition="SYNC" replaceActive="true" setAsCurrent="false" songPosition="NEXT_BAR"/>
            <add channel="synth_arp_1_dyn_a" patternId="synth_arp_1_dyn_empty" clearPending="false" clearPosition="NEXT_BAR" loop="true" loopLength="64" patternPosition="SYNC" replaceActive="true" setAsCurrent="false" songPosition="NEXT_BAR"/>
            <add channel="synth_arp_2_dyn_a" patternId="synth_arp_2_dyn_empty" clearPending="false" clearPosition="NEXT_BAR" loop="true" loopLength="64" patternPosition="SYNC" replaceActive="true" setAsCurrent="false" songPosition="NEXT_BAR"/> -->
        </flowItems>
    </beatPatternPlayer>

    <beatPatternPlayer instanceId="beatpatternplayer" triggers="test_2">
        <flowItems>
            <add channel="string_stac_a" patternId="string_stac_a_medium" clearPending="false" clearPosition="NEXT_BAR" loop="true" loopLength="64" patternPosition="SYNC" replaceActive="true" setAsCurrent="false" songPosition="NEXT_BAR"/>
            <add channel="synth_pad_a" patternId="synth_pad_empty" clearPending="false" clearPosition="NEXT_BAR" loop="true" loopLength="64" patternPosition="SYNC" replaceActive="true" setAsCurrent="false" songPosition="NEXT_BAR"/>
            <add channel="string_legato_a" patternId="string_legato_empty" clearPending="false" clearPosition="NEXT_BAR" loop="true" loopLength="64"  patternPosition="SYNC" replaceActive="true" setAsCurrent="false" songPosition="NEXT_BAR"/>
            <!--
            <add channel="drum_hit_a" patternId="drum_hit_empty" clearPending="false" clearPosition="NEXT_BAR" loop="true" loopLength="64"  patternPosition="SYNC" replaceActive="true" setAsCurrent="false" songPosition="NEXT_BAR"/>
            <add channel="drum_hit_dyn_a" patternId="drum_hit_dyn_empty" clearPending="false" clearPosition="NEXT_BAR" loop="true" loopLength="64"  patternPosition="SYNC" replaceActive="true" setAsCurrent="false" songPosition="NEXT_BAR"/>
            <add channel="drum_rolls_dyn_a" patternId="drum_rolls_dyn_empty" clearPending="false" clearPosition="NEXT_BAR" loop="true" loopLength="64" patternPosition="SYNC" replaceActive="true" setAsCurrent="false" songPosition="NEXT_BAR"/>
            <add channel="cymbal_rolls" patternId="cymbal_rolls_empty" clearPending="false" clearPosition="NEXT_BAR" loop="true" loopLength="64" patternPosition="SYNC" replaceActive="true" setAsCurrent="false" songPosition="NEXT_BAR"/>

            <add channel="string_stac_dyn_a" patternId="string_stac_empty" clearPending="false" clearPosition="NEXT_BAR" loop="true" loopLength="64" patternPosition="SYNC" replaceActive="true" setAsCurrent="false" songPosition="NEXT_BAR"/>
            <add channel="horn_legato_a" patternId="horn_legato_empty" clearPending="false" clearPosition="NEXT_BAR" loop="true" loopLength="64" patternPosition="SYNC" replaceActive="true" setAsCurrent="false" songPosition="NEXT_BAR"/>
            <add channel="horn_stac" patternId="horn_stac_empty" clearPending="false" clearPosition="NEXT_BAR" loop="true" loopLength="64" patternPosition="SYNC" replaceActive="true" setAsCurrent="false" songPosition="NEXT_BAR"/>
            <add channel="trombone_legato_a" patternId="trombone_legato_empty" clearPending="false" clearPosition="NEXT_BAR" loop="true" loopLength="64" patternPosition="SYNC" replaceActive="true" setAsCurrent="false" songPosition="NEXT_BAR"/>
            <add channel="trombone_stac" patternId="trombone_stac_empty" clearPending="false" clearPosition="NEXT_BAR" loop="true" loopLength="64" patternPosition="SYNC" replaceActive="true" setAsCurrent="false" songPosition="NEXT_BAR"/>
            <add channel="trumpet_legato_a" patternId="trumpet_legato_empty" clearPending="false" clearPosition="NEXT_BAR" loop="true" loopLength="64" patternPosition="SYNC" replaceActive="true" setAsCurrent="false" songPosition="NEXT_BAR"/>
            <add channel="trumpet_stac" patternId="trumpet_stac_empty" clearPending="false" clearPosition="NEXT_BAR" loop="true" loopLength="64" patternPosition="SYNC" replaceActive="true" setAsCurrent="false" songPosition="NEXT_BAR"/>

            <add channel="synth_bas_a" patternId="synth_bas_empty" clearPending="false" clearPosition="NEXT_BAR" loop="true" loopLength="64" patternPosition="SYNC" replaceActive="true" setAsCurrent="false" songPosition="NEXT_BAR"/>
            <add channel="synth_bas_dyn_a" patternId="synth_bas_dyn_empty" clearPending="false" clearPosition="NEXT_BAR" loop="true" loopLength="64" patternPosition="SYNC" replaceActive="true" setAsCurrent="false" songPosition="NEXT_BAR"/>
            <add channel="synth_bas_dyn2" patternId="synth_bas_empty" clearPending="false" clearPosition="NEXT_BAR" loop="true" loopLength="64" patternPosition="SYNC" replaceActive="true" setAsCurrent="false" songPosition="NEXT_BAR"/>
            <add channel="synth_bas_pad_a" patternId="synth_bas_pad_empty" clearPending="false" clearPosition="NEXT_BAR" loop="true" loopLength="64" patternPosition="SYNC" replaceActive="true" setAsCurrent="false" songPosition="NEXT_BAR"/>
            <add channel="synth_dist" patternId="synth_dist_empty" clearPending="false" clearPosition="NEXT_BAR" loop="true" loopLength="64" patternPosition="SYNC" replaceActive="true" setAsCurrent="false" songPosition="NEXT_BAR"/>
            <add channel="synth_dist_dyn_a" patternId="synth_dist_dyn_empty" clearPending="false" clearPosition="NEXT_BAR" loop="true" loopLength="64" patternPosition="SYNC" replaceActive="true" setAsCurrent="false" songPosition="NEXT_BAR"/>
            <add channel="synth_arp_1_a" patternId="synth_arp_1_empty" clearPending="false" clearPosition="NEXT_BAR" loop="true" loopLength="64" patternPosition="SYNC" replaceActive="true" setAsCurrent="false" songPosition="NEXT_BAR"/>
            <add channel="synth_arp_2_a" patternId="synth_arp_2_empty" clearPending="false" clearPosition="NEXT_BAR" loop="true" loopLength="64" patternPosition="SYNC" replaceActive="true" setAsCurrent="false" songPosition="NEXT_BAR"/>
            <add channel="synth_arp_1_dyn_a" patternId="synth_arp_1_dyn_empty" clearPending="false" clearPosition="NEXT_BAR" loop="true" loopLength="64" patternPosition="SYNC" replaceActive="true" setAsCurrent="false" songPosition="NEXT_BAR"/>
            <add channel="synth_arp_2_dyn_a" patternId="synth_arp_2_dyn_empty" clearPending="false" clearPosition="NEXT_BAR" loop="true" loopLength="64" patternPosition="SYNC" replaceActive="true" setAsCurrent="false" songPosition="NEXT_BAR"/> -->
        </flowItems>
    </beatPatternPlayer>    

    <beatPatternPlayer instanceId="beatpatternplayer" triggers="test_3">
        <flowItems>
        
            <add channel="string_stac_a" patternId="string_stac_a_fast" clearPending="false" clearPosition="NEXT_BAR" loop="true" loopLength="64" patternPosition="SYNC" replaceActive="true" setAsCurrent="false" songPosition="NEXT_BAR"/>
            <add channel="synth_pad_a" patternId="synth_pad_empty" clearPending="false" clearPosition="NEXT_BAR" loop="true" loopLength="64" patternPosition="SYNC" replaceActive="true" setAsCurrent="false" songPosition="NEXT_BAR"/>
            <add channel="string_legato_a" patternId="string_legato_empty" clearPending="false" clearPosition="NEXT_BAR" loop="true" loopLength="64"  patternPosition="SYNC" replaceActive="true" setAsCurrent="false" songPosition="NEXT_BAR"/>
           <!-- 
            <add channel="drum_hit_a" patternId="drum_hit_empty" clearPending="false" clearPosition="NEXT_BAR" loop="true" loopLength="64"  patternPosition="SYNC" replaceActive="true" setAsCurrent="false" songPosition="NEXT_BAR"/>
            <add channel="drum_hit_dyn_a" patternId="drum_hit_dyn_empty" clearPending="false" clearPosition="NEXT_BAR" loop="true" loopLength="64"  patternPosition="SYNC" replaceActive="true" setAsCurrent="false" songPosition="NEXT_BAR"/>
            <add channel="drum_rolls_dyn_a" patternId="drum_rolls_dyn_empty" clearPending="false" clearPosition="NEXT_BAR" loop="true" loopLength="64" patternPosition="SYNC" replaceActive="true" setAsCurrent="false" songPosition="NEXT_BAR"/>
            <add channel="cymbal_rolls" patternId="cymbal_rolls_empty" clearPending="false" clearPosition="NEXT_BAR" loop="true" loopLength="64" patternPosition="SYNC" replaceActive="true" setAsCurrent="false" songPosition="NEXT_BAR"/>

            <add channel="string_stac_dyn_a" patternId="string_stac_empty" clearPending="false" clearPosition="NEXT_BAR" loop="true" loopLength="64" patternPosition="SYNC" replaceActive="true" setAsCurrent="false" songPosition="NEXT_BAR"/>
            <add channel="horn_legato_a" patternId="horn_legato_empty" clearPending="false" clearPosition="NEXT_BAR" loop="true" loopLength="64" patternPosition="SYNC" replaceActive="true" setAsCurrent="false" songPosition="NEXT_BAR"/>
            <add channel="horn_stac" patternId="horn_stac_empty" clearPending="false" clearPosition="NEXT_BAR" loop="true" loopLength="64" patternPosition="SYNC" replaceActive="true" setAsCurrent="false" songPosition="NEXT_BAR"/>
            <add channel="trombone_legato_a" patternId="trombone_legato_empty" clearPending="false" clearPosition="NEXT_BAR" loop="true" loopLength="64" patternPosition="SYNC" replaceActive="true" setAsCurrent="false" songPosition="NEXT_BAR"/>
            <add channel="trombone_stac" patternId="trombone_stac_empty" clearPending="false" clearPosition="NEXT_BAR" loop="true" loopLength="64" patternPosition="SYNC" replaceActive="true" setAsCurrent="false" songPosition="NEXT_BAR"/>
            <add channel="trumpet_legato_a" patternId="trumpet_legato_empty" clearPending="false" clearPosition="NEXT_BAR" loop="true" loopLength="64" patternPosition="SYNC" replaceActive="true" setAsCurrent="false" songPosition="NEXT_BAR"/>
            <add channel="trumpet_stac" patternId="trumpet_stac_empty" clearPending="false" clearPosition="NEXT_BAR" loop="true" loopLength="64" patternPosition="SYNC" replaceActive="true" setAsCurrent="false" songPosition="NEXT_BAR"/>

            <add channel="synth_bas_a" patternId="synth_bas_empty" clearPending="false" clearPosition="NEXT_BAR" loop="true" loopLength="64" patternPosition="SYNC" replaceActive="true" setAsCurrent="false" songPosition="NEXT_BAR"/>
            <add channel="synth_bas_dyn_a" patternId="synth_bas_dyn_empty" clearPending="false" clearPosition="NEXT_BAR" loop="true" loopLength="64" patternPosition="SYNC" replaceActive="true" setAsCurrent="false" songPosition="NEXT_BAR"/>
            <add channel="synth_bas_dyn2" patternId="synth_bas_empty" clearPending="false" clearPosition="NEXT_BAR" loop="true" loopLength="64" patternPosition="SYNC" replaceActive="true" setAsCurrent="false" songPosition="NEXT_BAR"/>
            <add channel="synth_bas_pad_a" patternId="synth_bas_pad_empty" clearPending="false" clearPosition="NEXT_BAR" loop="true" loopLength="64" patternPosition="SYNC" replaceActive="true" setAsCurrent="false" songPosition="NEXT_BAR"/>
            <add channel="synth_dist" patternId="synth_dist_empty" clearPending="false" clearPosition="NEXT_BAR" loop="true" loopLength="64" patternPosition="SYNC" replaceActive="true" setAsCurrent="false" songPosition="NEXT_BAR"/>
            <add channel="synth_dist_dyn_a" patternId="synth_dist_dyn_empty" clearPending="false" clearPosition="NEXT_BAR" loop="true" loopLength="64" patternPosition="SYNC" replaceActive="true" setAsCurrent="false" songPosition="NEXT_BAR"/>
            <add channel="synth_arp_1_a" patternId="synth_arp_1_empty" clearPending="false" clearPosition="NEXT_BAR" loop="true" loopLength="64" patternPosition="SYNC" replaceActive="true" setAsCurrent="false" songPosition="NEXT_BAR"/>
            <add channel="synth_arp_2_a" patternId="synth_arp_2_empty" clearPending="false" clearPosition="NEXT_BAR" loop="true" loopLength="64" patternPosition="SYNC" replaceActive="true" setAsCurrent="false" songPosition="NEXT_BAR"/>
            <add channel="synth_arp_1_dyn_a" patternId="synth_arp_1_dyn_empty" clearPending="false" clearPosition="NEXT_BAR" loop="true" loopLength="64" patternPosition="SYNC" replaceActive="true" setAsCurrent="false" songPosition="NEXT_BAR"/>
            <add channel="synth_arp_2_dyn_a" patternId="synth_arp_2_dyn_empty" clearPending="false" clearPosition="NEXT_BAR" loop="true" loopLength="64" patternPosition="SYNC" replaceActive="true" setAsCurrent="false" songPosition="NEXT_BAR"/> -->
        </flowItems>
    </beatPatternPlayer>    

</actions>



