<!--
General rules:
A property where a default value is not defined is a required value
A property where "values" is not defined accepts any value of the correct type
If min or max is not defined, then the values are set based on type
-->
<descriptors>
  <!--
    <descriptor class"action" type="subsystem" id="initializeAudioEngine" />
      <property name="driver" type="array" valueType="audioDriver" />
    <descriptor>
    <descriptor class="type" type="audioDriver" id="native">
        <property name="samplingRate" type="int" default="44100" />
        <property name="inputChannels" type="int" default="0" />
        <property name="outputChannels" type="int" default="2" />
        <property name="bufferSize" type="int" default="128" />
    </descriptor>
    <descriptor class"action" type="subsystem" id="initializeVideoEngine" />
      <property name="driver" type="array" valueType="videoDriver" />
    <descriptor>
    -->
    <!-- IMPLEMENTED-->
    <descriptor class="action" type="assetController" id="loadSound">
        <property name="delay" type="int" default="0" min="0" max="9999999" />
        <property name="baseURL" type="path" required="true" />
        <property name="returnEvent" type="string" default="undefined" />
        <property name="progressEvent" type="string" default="undefined" />
        <property name="files" type="array" valueType="file" />
    </descriptor>
    <descriptor class="action" type="assetController" id="loadMIDI">
        <property name="delay" type="int" default="0" min="0" max="9999999" />
        <property name="baseURL" type="path" required="true" />
        <property name="returnEvent" type="string" default="undefined" />
        <property name="progressEvent" type="string" default="undefined" />
        <property name="files" type="array" valueType="file" />
    </descriptor>
    <descriptor class="action" type="assetController" id="loadSampleMap">
        <property name="delay" type="int" default="0" min="0" max="9999999" />
        <property name="baseURL" type="path" required="true" />
        <property name="returnEvent" type="string" default="undefined" />
        <property name="progressEvent" type="string" default="undefined" />
        <property name="files" type="array" valueType="file" />
    </descriptor>
    <descriptor class="action" type="assetController" id="loadMovie">
        <property name="delay" type="int" default="0" min="0" max="9999999" />
        <property name="baseURL" type="path" required="true" />
        <property name="returnEvent" type="string" default="undefined" />
        <property name="progressEvent" type="string" default="undefined" />
        <property name="files" type="array" valueType="file" />
    </descriptor>
    <descriptor class="action" type="sound" id="genericPlay" >
        <property name="delay" type="int" default="0" min="-1000000" max="1000000" />
        <property name="soundFile" type="string" required="true" />
        <property name="multiSuffix" type="string" default="undefined" />
        <property name="volume" type="float" unit="dB" default="0" min="-90" max="+48" />
        <property name="pan" type="int" default="0" min="-100" max="100" />
        <property name="fadeIn" type="int" unit="mS" default="0" min="0" max="100000" />
        <property name="loop" type="enum" values="OFF,BEGIN,END,SAMPLE" default="OFF" />
        <property name="loopTime" type="int" unit="mS" default="0" min="0" max="100000" />
        <property name="reTrig" type="enum" values="NEVER,ALWAYS,BEGIN,END" default="ALWAYS" /> <!-- BEGIN and END block retrig within time limits from beginning/end of file -->
        <property name="reTrigTime" type="int" unit="mS" default="0" min="-100000" max="100000" /> <!-- -1=off, 0=on, >0 = reTrig block in mS -->
        <property name="returnEvent" type="enum" values="OFF,BEGIN,END" default="OFF" />
        <property name="returnEventTrigger" type="string" default="undefined" />
        <property name="returnEventTime" type="int" unit="mS" default="0" min="-1000000" max="100000" />
        <property name="bus" type="string" default="master" />
        <property name="preListen" type="int" default="0" min="0" max="500" />
        <property name="timingCorrection" type="enum" default="PLAY" values="RESYNC,SYNC,PLAY"/>
    </descriptor>
    <descriptor class="action" type="sound" id="stepPlay" method="play">
        <property name="delay" type="int" default="0" min="0" max="9999999" />
        <property name="soundFiles" type="list" required="true" />
        <property name="generator" type="enum" default="SHUFFLE" values="SHUFFLE,RANDOM,RANDOM_FIRST,ROUND_ROBIN" />
        <property name="volume" type="float" default="0" min="-90" max="+48" />
        <property name="pan" type="int" default="0" min="-100" max="100" />
        <property name="fadeIn" type="int" unit="mS" default="0" min="0" max="100000" />
        <property name="loop" type="enum" values="OFF,BEGIN,END,SAMPLE" default="OFF" />
        <property name="loopTime" type="int" unit="mS" default="0" min="0" max="100000" />
        <property name="reTrig" type="enum" values="NEVER,ALWAYS,BEGIN,END" default="ALWAYS" /> <!-- BEGIN and END block retrig within time limits from beginning/end of file -->
        <property name="reTrigTime" type="int" unit="mS" default="0" min="-100000" max="100000" /> <!-- -1=off, 0=on, >0 = reTrig block in mS -->
        <property name="returnEvent" type="enum" values="OFF,BEGIN,END" default="OFF" />
        <property name="returnEventTrigger" type="string" default="undefined" />
        <property name="returnEventTime" type="int" unit="mS" default="0" min="-1000000" max="100000" />
        <property name="preListen" type="int" default="0" min="0" max="500" />
        <property name="bus" type="string" default="master" values="ALL" />
        <property name="timingCorrection" type="enum" default="SYNC" values="SYNC,PLAY" />
    </descriptor>
    <descriptor class="action" type="sound" id="soundStop" method="stop">
        <property name="delay" type="int" default="0" min="0" max="9999999" />
        <property name="targets" type="list" required="true" />
        <property name="multiSuffix" type="string" default="undefined" />
    </descriptor>
    <descriptor class="action" type="parameterProcessor" id="transform">
        <property name="delay" type="int" default="0" min="0" max="9999999" />
        <!-- THIS IS IGNORED IN C++ -->
        <!-- <property name="targetType" type="enum" default="SOUND" values="SOUND,AUDIOROUTER,SYNTH" /> -->
        <property name="targets" type="list" required="true" />
        <property name="targetParameter" type="string" required="true" />
        <property name="multiSuffix" type="string" default="undefined" />
        <property name="value" type="float" default="0" min="-9999999" max="9999999" />
        <property name="duration" type="int" default="0" min="0" max="9999999" />
        <property name="curve" type="int" default="0" min="-100" max="+100" />
    </descriptor>
    <descriptor class="action" type="stateProcessor" id="state">
        <property name="delay" type="int" default="0" min="0" max="9999999" />
        <property name="update" type="enum" default="onChange" values="onChange,always" />
        <property name="stateMaps" type="array" valueType="stateMap" />
    </descriptor>
    <descriptor class="type" type="stateMap" id="stateMap">
        <property name="in" type="list" required="true"  />
        <property name="state" type="string" required="true" />
    </descriptor>
    <descriptor class="action" type="eventProcessor" id="eventMapper">
        <property name="delay" type="int" default="0" min="0" max="9999999" />
        <property name="instanceId" type="string" required="true" />
        <property name="reTrig" type="int" default="0" min="0" max="10000" />
        <property name="clearPending" type="boolean" default="false" />
        <property name="dispatch" type="enum" default="ALWAYS" values="ALWAYS,ON_CHANGE" />
        <property name="eventMaps" type="array" valueType="eventMap" />
    </descriptor>
    <descriptor class="action" type="eventProcessor" id="midiNoteMapper">
        <property name="delay" type="int" default="0" min="0" max="9999999" />
        <property name="instanceId" type="string" required="true" />
        <property name="eventMaps" type="array" valueType="eventMap" />
    </descriptor>
    <descriptor class="type" type="eventMap" id="eventMap">
        <property name="in" type="list" required="true" />
        <property name="out" type="string" required="true"/>
        <property name="delay" type="int" default="0" max="999999" min="0" />
    </descriptor>
    <descriptor class="action" type="player" id="beatPatternPlayer">
        <property name="delay" type="int" default="0" min="0" max="9999999" />
        <property name="flowItems" type="array" valueType="flowItem" />
    </descriptor>
    <descriptor class="action" type="synth" id="sampler">
        <property name="delay" type="int" default="0" min="0" max="9999999" />
        <property name="ignoreNoteOff" type="boolean" default="false" />
        <property name="bus" type="string" default="master"  />
        <property name="volume" type="float" default="0" min="-100" max="10" />
        <property name="loop" type="boolean" default="false" />
        <property name="ampAttack" type="int" default="0" min="0" max="500" />
        <property name="ampDecay" type="int" default="0" min="0" max="500" />
        <property name="ampRelease" type="int" default="0" min="0" max="10000" />
        <property name="ampSustain" type="float" default="1" min="0" max="1" />
        <property name="ampVelocityRatio" type="float" default="1" min="0" max="1" />
        <property name="filterOn" type="boolean" default="false" />
        <property name="filterADSRAmount" type="float" default="0.5" min="0" max="1" />
        <property name="filterAttack" type="int" default="0" min="0" max="500" />
        <property name="filterDecay" type="int" default="0" min="0" max="500" />
        <property name="filterRelease" type="int" default="0" min="0" max="500" />
        <property name="filterSustain" type="float" default="1" min="0" max="1" />
        <property name="filterVelocityRatio" type="float" default="1" min="0" max="1" />
        <property name="filterQ" type="float" default="0.0001" min="0.0001" max="30" />
        <property name="filterFrequency" type="int" default="0" min="0" max="20000" />
        <property name="filterGain" type="float" default="0" min="-10000" max="100000" />
        <property name="filterType" type="enum" default="LOWPASS" values="LOWPASS,HIGHPASS,BANDPASS,LOWSHELF,HIGHSHELF,PEAKING,NOTCH,ALLPASS" />
        <property name="audioNodes" type="array" valueType="audioNode" />
        <property name="sampleMapGroups" type="array" valueType="sampleMapGroup"/>
        <property name="transpose" type="int" default="0" min="-127" max="127" />
    </descriptor>
    <descriptor class="action" type="audioRouter" id="audioBus">
        <property name="delay" type="int" default="0" min="0" max="9999999" />
        <property name="outputBus" type="string" default="master"  />
        <property name="volume" type="float" default="0" min="-100" max="10" />
        <property name="pan" type="int" default="0" min="-100" max="100" />
        <property name="audioNodes" type="array" valueType="audioNode" />
    </descriptor>
   <descriptor class="action" type="dummy" id="dummy" >
        <property name="delay" type="int" default="0" min="0" max="9999999" />
   </descriptor>
   <descriptor class="action" type="dictation" id="dictation">
        <property name="delay" type="int" default="0" min="0" max="9999999" />
        <property name="appId" type="string" required="true" />
        <property name="appKey" type="string" required="true" />
        <property name="timeout" type="int" default="0" min="0" max="30000" />
        <property name="maxTime" type="int" default="8000" min="0" max="30000" />
        <property name="silenceTime" type="int" default="500" min="0" max="30000" />
        <property name="threshold" type="float" default="-40" min="-90" max="0" />
        <property name="returnEventName" type="string" required="true" /> 
        <property name="onNetworkErrorEventName" type="string" required="true" /> 
        <property name="connectionTimeout" type="int" default="5000" min="0" max="30000" />
    </descriptor>
    <descriptor class="action" type="midiProcessor" id="midiProcessor">
        <property name="delay" type="int" default="0" min="0" max="9999999" />
        <property name="transpose" type="int" default="0" min="-127" max="127" />
        <property name="dynamic" type="int" default="0" min="-127" max="127" />
        <property name="quantize" type="string" required="true" />
        <property name="scale" type="string" required="true"
            values="off,major,harmonicMinor,naturalMinor,majorPentatonic,minorPentatonic,dorian,phyrgian,lydian,mixolydian,locrian,doubleHarmonic,halfDim,custom,off"/>
        <property name="customScale" type="string" default="0,0,0,0,0,0,0,0,0,0,0,0" />
        <property name="root" type="string" default="C" values="C,C#,D,D#,E,F,F#,G,G#,A,A#,B" />
    </descriptor>
    <!-- http://elinux.org/File:GPIOs.png -->
    <descriptor class="action" type="raspberry" id="togglePin">
        <property name="delay" type="int" default="0" min="0" max="9999999" />
        <property name="gpioNumber" type="enum" values="4,17,27,22,18,23,24,25" required="true" />
        <property name="status" type="boolean" default="false" />
    </descriptor>
    <descriptor class="type" type="file" id="file">
        <property name="name" type="string" required="true" />
        <property name="cppextension" type="string" required="true" />
    </descriptor>
    <descriptor class="type" type="map" id="map">
        <property name="inValue" type="string" required="true" />
        <property name="outValue" type="string" required="true" />
    </descriptor>
    <descriptor class="type" type="macroTarget" id="target">
        <property name="targetId" type="string" required="true" />
        <property name="min" type="float" default="0" min="0" max="1" />
        <property name="max" type="float" default="1" min="0" max="1" />
        <property name="targetType" type="enum" default="BUS" values="SOUND,SYNTH,BUS" />
        <property name="targetParameter" type="string" required="true" />
    </descriptor>
    <descriptor class="type" type="sampleMapGroup" id="sampleMapGroup">
        <property name="name" type="string" required="true"  />
        <property name="sampleMaps" type="array" valueType="sampleMap" />
    </descriptor>
    <descriptor class="type" type="sampleMap" id="sampleMap">
        <property name="name" type="string" required="true"  />
        <property name="velocityLow" type="int" default="0" min="0" max="127" />
        <property name="velocityHigh" type="int" default="127"  min="0"  max="127" />
    </descriptor>
    <descriptor class="type" type="flowItem" id="start">
        <property name="delay" type="int" default="0" min="0" max="Infinity" />
        <property name="tempo" type="float" default="120" min="40" max="280" />
        <property name="beatsPerBar" type="int" default="16" min="1" max="16" />
        <property name="meter" type="list" default="simple" value="simple,compound" />
        <property name="subdivision" type="string" default="16" values="1,2D,2,2T,4D,4,4T,8D,8,8T,16D,16,16T,32D,32,32T" />
    </descriptor>
    <descriptor class="type" type="flowItem" id="stop">
        <property name="songPosition" type="enum" default="NEXT_BEAT" values="NEXT_BEAT,NEXT_BAR" />
        <property name="returnEvent" type="string" default="undefined" />
    </descriptor>
    <descriptor class="type" type="flowItem" id="beatEvent">
        <property name="songPosition" type="string" required="true" />
        <property name="returnEvent" type="string" default="undefined" />
        <property name="output" type="enum" default="onEvent" values="dispatch,onEvent" />
    </descriptor>
    <descriptor class="type" type="flowItem" id="add">
        <property name="patternId" type="string" required="true" />
        <property name="channel" type="string" default="main" />
        <property name="songPosition" type="enum" default="NEXT_BEAT" values="NEXT_BEAT,NEXT_BAR" />
        <property name="patternPosition" type="enum" default="SYNC"  values="SYNC,FIRST_BEAT" />
        <property name="clearPending" type="boolean" default="true" />
        <property name="replaceActive" type="boolean" default="true" />
        <property name="setAsCurrent" type="boolean" default="true" />
        <property name="loop" type="boolean" default="false" />
        <property name="loopLength" type="int" default="129" min="1" max="65536"/>
        <property name="clearPosition" type="enum" default="NEXT_BAR" values="NEXT_BEAT,NEXT_BAR" />
    </descriptor>
    
    <descriptor class="action" type="sound" id="audioInput" >
      <property name="delay" type="int" default="0" min="0" max="9999999" />
      <property name="outputBus" type="string" default="master" />
      <property name="volume" type="float" default="0" min="-100" max="10" automatable="true" />
    </descriptor>
    
    <!-- AUDIONODES-->
    <descriptor class="type" type="audioNode" id="filter">
        <property name="active" type="boolean" default="true" />
        <property name="frequency" type="float" default="20" min="20" max="22050" automatable="true"/>
        <property name="Q" type="float" default="1" min="0" max="100" automatable="true" />
        <property name="gain" type="float" default="0" min="-40" max="40" automatable="true" />
        <property name="bypass" type="boolean" default="true" automatable="true" />
        <property name="filterType" type="enum" default="LOWPASS" values="LOWPASS,HIGHPASS,BANDPASS,LOWSHELF,HIGHSHELF,PEAKING,NOTCH,ALLPASS" automatable="false" />
    </descriptor>
    <descriptor class="type" type="audioNode" id="convolver">
        <property name="active" type="boolean" default="true" />
        <property name="highCut" type="float" default="22050" min="20" max="22050" automatable="true"/>
        <property name="lowCut" type="float" default="20" min="20" max="22050" automatable="true" />
        <property name="dryLevel" type="float" default="0" min="-90" max="6" automatable="true" />
        <property name="wetLevel" type="float" default="0" min="-90" max="6" automatable="true" />
        <property name="impulse" type="string" required="true" />
    </descriptor>
    <descriptor  class="type" type="audioNode" id="delay">
        <property name="active" type="boolean" default="true" />
        <property name="delayTime" type="float" default="30" min="0.001" max="10000" automatable="true"/>
        <property name="feedback" type="float" default="0.45" min="0" max="0.9" automatable="true" />
        <property name="cutoff" type="float" default="20" min="20" max="22050" automatable="true" />
        <property name="dryLevel" type="float" default="0" min="-90" max="6" automatable="true" />
        <property name="wetLevel" type="float" default="0" min="-90" max="6" automatable="true" />
        <property name="sync" type="boolean" default="false" />
        <property name="masterTempo" type="string" default="undefined" automatable="false" />
        <property name="bpm" type="int" min="40" max="280" default="120" automatable="false" />
        <property name="subdivision" type="enum" default="8D" values="1,2D,2,2T,4D,4,4T,8D,8,8T,16D,16,16T,32D,32,32T" automatable="false" />
    </descriptor>
    <descriptor  class="type" type="audioNode" id="pingPongDelay">
        <property name="active" type="boolean" default="true" />
        <property name="delayTime" type="float" default="30" min="0.0001" max="10000" automatable="false"/>
        <property name="feedback" type="float" default="0.45" min="0" max="0.9" automatable="true" />
        <property name="cutoff" type="float" default="20" min="20" max="22050" automatable="true" />
        <property name="dryLevel" type="float" default="-6" min="-90" max="6" automatable="true" />
        <property name="wetLevel" type="float" default="-6" min="-90" max="6" automatable="true" />
        <property name="tempoSync" type="string" required="true" automatable="false" />
        <property name="subdivision" type="enum" default="8D" values="1,2D,2,2T,4D,4,4T,8D,8,8T,16D,16,16T,32D,32,32T" automatable="false" />
    </descriptor>
    <descriptor class="type" type="audioNode" id="compressor">
        <property name="active" type="boolean" default="true" />
        <property name="threshold" type="float" default="0" min="-100" max="0" automatable="true" />
        <property name="makeupGain" type="float" default="1" min="0" max="100" automatable="true"  />
        <property name="attack" type="float" default="1" min="0" max="1000" automatable="true"  />
        <property name="release" type="float" default="1" min="0" max="3000" automatable="true"  />
        <property name="ratio" type="float" default="4" min="1" max="20" automatable="true"  />
        <property name="knee" type="float" default="5" min="0" max="40" automatable="true"  />
        <property name="automakeup" type="boolean" default="false" />
    </descriptor>
    <descriptor class="type" type="audioNode" id="chorus">
        <property name="active" type="boolean" default="true" />
        <property name="feedback" type="float" default="0" min="0" max="1" automatable="false"  />
        <property name="delay" type="float" default="0.0045" min="0" max="1" automatable="false"  />
        <property name="rate" type="float" default="1.5" min="0.01" max="8" automatable="false"  />
        <property name="depth" type="float" default="1" min="0" max="8" />
    </descriptor>
    <descriptor class="type" type="audioNode" id="overdrive">
        <property name="active" type="boolean" default="true" />
        <property name="outputGain" type="float" default="0" min="-40" max="40" automatable="true" />
        <property name="drive" type="float" default="0" min="-40" max="40" automatable="true" />
        <property name="curveAmount" type="float" default="1" min="0" max="1" automatable="true"  />
        <property name="algorithmIndex" type="int" default="0" min="0" max="5" automatable="false"  />
    </descriptor>
    <!-- VIDEO-->
    <descriptor class="action" type="video" id="videoBus" >
        <property name="delay" type="int" default="0" min="0" max="9999999" />
        <property name="videoNodes" type="array" valueType="videoNode" />
        <property name="outputBuses" type="array" valueType="videoDestination"  />
    </descriptor>
    <descriptor class="action" type="video" id="AVCamera" >
      <property name="delay" type="int" default="0" min="0" max="9999999" />
      <property name="outputBus" type="string" required="true" />
    </descriptor>
    <descriptor class="action" type="video" id="playMovie" >
      <property name="delay" type="int" default="0" min="0" max="9999999" />
      <property name="movieFile" type="string" required="true" />
      <property name="outputBus" type="string" required="true" />
    </descriptor>
    <!-- these are final outputs or bus outputs. normally just the master bus declares its output as GPUImageView  -->
    <descriptor class="type" type="videoDestination" id="GPUImageMovieWriter">
      <property name="movieURL" type="string" required="true" />
      <property name="fileType" type="enum" values="AVFileTypeQuickTimeMovie,AVFileTypeQuickTimeMovie2" default="AVFileTypeQuickTimeMovie" />
    </descriptor>
    <descriptor class="type" type="videoDestination" id="GPUImageView">
      <property name="viewIdentifier" type="string" required="true" />
    </descriptor>
    <descriptor class="type" type="videoDestination" id="videoBus">
      <property name="outputBus" type="string" required="true"  />
      <property name="outputBusInputIndex" type="int" min="0" max="4" default="0"  />
    </descriptor>
    <!-- here are the filters, intermediate processing -->
    <descriptor class="type" type="videoNode" id="PixellateFilter">
      <property name="fractionalWidthOfAPixel" type="float" default="0.05" min="0.0" max="0.3" automatable="true" />
    </descriptor>
    <!-- NOT IMPLEMENTED-->
    <descriptor class="action" type="dialogue" id="dialogue">
        <property name="delay" type="int" default="0" min="0" max="9999999" />
        <property name="url" type="string" required="true" />
        <property name="onNetworkErrorEventName" type="string" required="true" /> 
        <property name="connectionTimeout" type="int" default="5000" min="0" max="30000" />
    </descriptor>
    <descriptor class="action" type="assetController" id="loadCustomCode">
        <property name="baseURL" type="path" required="true" />
        <property name="returnEvent" type="string" default="undefined" />
        <property name="files" type="array" valueType="file" />
    </descriptor>
    <descriptor class="action" type="customCode" id="customCode">
    </descriptor>
    <descriptor class="action" type="customCode" id="userObject">
    </descriptor>
    <descriptor class="action" type="mediaElement" id="mediaElement">
    </descriptor>
    <descriptor class="action" type="control" id="mediaController">
    </descriptor>
    <descriptor class="action" type="midiProcessor" id="makeNote">
        <property name="noteMaps" type="array" valueType="noteMap" />
    </descriptor>
    <descriptor class="type" type="noteMap" id="noteMap">
        <property name="triggerIn" type="string" required="true" />
        <property name="triggerOut" type="string" required="true" />
        <property name="note" type="string" default="C4" />
        <property name="velocity" type="int" min="0" max="127" default="127" />
        <property name="duration" type="int" min="0" max="9999999" default="0" />
    </descriptor>
    <descriptor class="action" type="parameterProcessor" id="macro">
        <property name="delay" type="int" default="0" min="0" max="9999999" />
        <property name="macroTargets" type="array" valueType="macroTarget" />
    </descriptor>
    <descriptor class="action" type="player" id="timePatternPlayer">
        <property name="behavior" type="enum" values="LINEAR,DEFAULT" default="DEFAULT" />
    </descriptor>  
    <descriptor class="type" type="band" id="band">
        <property name="bandType" type="enum" default="PEAKING" values="LOWPASS,HIGHPASS,BANDPASS,LOWSHELF,HIGHSHELF,PEAKING,NOTCH,ALLPASS"  automatable="false" />
        <property name="frequency" type="float" default="800" min="20" max="22050" automatable="true" />
        <property name="Q" type="float" default="1" min="0" max="100" automatable="true" />
        <property name="gain" type="float" default="0" min="-40" max="40" automatable="true" />
    </descriptor>
    <descriptor class="type" type="audioNode" id="cabinet">
        <property name="active" type="boolean" default="true" />
        <property name="makeupGain" type="float" default="1" min="0" max="20" automatable="true" />
        <property name="impulsePath" type="string" required="true" />
    </descriptor>
    <descriptor class="type" type="audioNode" id="envelopeFollower">
        <property name="active" type="boolean" default="true" />
        <property name="attackTime" type="float" default="0.003" min="0" max="0.5" automatable="false" />
        <property name="releaseTime" type="float" default="0.5" min="0" max="1" automatable="false" />
    </descriptor>
    <descriptor class="type" type="audioNode" id="equalizer">
        <property name="active" type="boolean" default="true" />
        <property name="bands" type="array" valueType="band" />
    </descriptor>
    <descriptor class="type" type="audioNode" id="lfo">
        <property name="active" type="boolean" default="true" />
        <property name="frequency" type="float" default="1" min="0" max="8" automatable="false" />
        <property name="offset" type="float" default="0.85" min="0" max="22050" automatable="false" />
        <property name="phase" type="float" default="0" min="0" max="6.28318530718" automatable="false" />
        <property name="oscillation" type="float" default="0.3" min="-22050" max="22050" automatable="false" />
        <property name="type" type="enum" default="SIN" values="SIN,SQUARE,TRIANGLE,SAWTOOTH" automatable="false" />
    </descriptor>
    <descriptor class="type" type="audioNode" id="phaser">
        <property name="active" type="boolean" default="true" />
        <property name="rate" type="float" default="1" min="0" max="8" automatable="false" />
        <property name="depth" type="float" default="0.3" min="0" max="1" automatable="false" />
        <property name="feedback" type="float" default="0.2" min="0" max="1" automatable="false" />
        <property name="stereoPhase" type="int" default="30" min="0" max="180" automatable="false" />
        <property name="baseModulationFrequency" type="float" default="700" min="500" max="1500" automatable="false" />
    </descriptor>
    <descriptor  class="type" type="audioNode" id="tremolo">
        <property name="active" type="boolean" default="true" />
        <property name="intensity" type="float" default="0.3" min="0" max="1" automatable="false" />
        <property name="stereoPhase" type="int" default="0" min="0" max="180" automatable="false" />
        <property name="rate" type="float" default="0.1" min="0.001" max="8" automatable="false" />
    </descriptor>
    <descriptor  class="type" type="audioNode" id="wahWah">
        <property name="active" type="boolean" default="true" />
        <property name="automode" type="boolean" default="false" />
        <property name="baseFrequency" type="float" default="0.5" min="0" max="1" automatable="false"/>
        <property name="excursionOctaves" type="int" default="2" min="1" max="6" automatable="false" />
        <property name="sweep" type="float" default="0.2" min="0" max="1" automatable="false" />
        <property name="resonance" type="float" default="10" min="1" max="100" automatable="false" />
        <property name="sensitivity" type="float" default="0.5" min="-1" max="1" automatable="false" />
    </descriptor>
</descriptors>