<?xml version="1.0"?>
<actions>

    <!-- GENERAL BUSSES -->

    <audioBus instanceId="main_bus" triggers="start_busses">
        <properties outputBus="master" pan="0" volume="0"/>
        <audioNodes>
            <!--convolver active="true" impulse="impulse_rev" dryLevel="0" wetLevel="-30" lowCut="150" highCut="22000" /-->
        	<!--filter active="true" frequency="30" Q="1" gain="-40" filterType="HIGHPASS" /-->
	       	<!--compressor active="true" threshold="-15" makeupGain="2" attack="1" release="1" ratio="20" knee="3" automakeup="false" /-->
        	<!--<limiter active="true" threshold="0" release="200" outputCeiling="-0.4" lookahead="0.5" />-->
        </audioNodes>
    </audioBus>

	<eventMapper instanceId="mainMapper" triggers="dmaf_init">
      <eventMaps>
        <eventMap in="dmaf_init" out="preload_assets" delay="0" />
        <eventMap in="dmaf_init" out="start_busses" delay="10" />
        <eventMap in="dmaf_init" out="start_bpp" delay="5000" />

      </eventMaps>
    </eventMapper>

    <!-- beatPatternPlayer -->
    <beatPatternPlayer instanceId="beatpatternplayer" triggers="start_bpp">
        <flowItems>
            <start beatsPerBar="16" tempo="115"/>
            <add channel="string_legato" patternId="string_legato_1_20" clearPending="false" clearPosition="NEXT_BEAT" loop="false" loopLength="224" patternPosition="FIRST_BEAT" replaceActive="true" setAsCurrent="true" songPosition="NEXT_BEAT"/>
        </flowItems>
    </beatPatternPlayer>



    <!-- LOADERS -->
    <loadSound instanceId="web_audio_loader" triggers="preload_assets">
        <properties returnEvent="undefined" baseURL="../assets/audio" />
        <files>
            <!--file name="impulse_rev" cppextension="ogg" /-->
        </files>
    </loadSound>
    <loadSampleMap instanceId="sampleMaps" triggers="preload_assets">
        <properties returnEvent="undefined" baseURL="../assets/xml" />
        <files>
            <file name="samplemaps"  cppextension="xml" />
        </files>
    </loadSampleMap>
    <loadMIDI triggers="preload_assets" instanceId="midiFiles">
        <properties returnEvent="undefined" baseURL="../assets/midi" />
        <files>
            <file name="1_30_midi" cppextension="mid"/>
        </files>
    </loadMIDI>


	<!-- INSTRUMENTS -->

	<!-- string_legato -->


    <!-- horn_legato -->

    <audioBus instanceId="horn_legato_bus" triggers="start_busses">
        <properties outputBus="main_bus" pan="0" volume="0"/>
        <audioNodes>
        </audioNodes>
    </audioBus>
    <sampler instanceId="horn_legato" triggers="horn_legato">
        <properties transpose="0" ignoreNoteOff="false" instanceId="multi" loop="false" bus="horn_legato_bus" volume="-18"/>
        <properties ampAttack="0" ampDecay="0" ampRelease="190" ampSustain="1" ampVelocityRatio="1"/>
        <properties filterAttack="0" filterDecay="0" filterFrequency="0" filterGain="0" filterOn="false" filterQ="1" filterRelease="0" filterSustain="0" filterVelocityRatio="0"/>
        <audioNodes/>
        <sampleMapGroups>
            <sampleMapGroup name="horn_legato">
                <sampleMaps>
                    <sampleMap name="horn_legato" velocityHigh="127" velocityLow="1"/>
                </sampleMaps>
            </sampleMapGroup>
        </sampleMapGroups>
    </sampler>
    <loadSound instanceId="horn_legato_loader" triggers="preload_assets">
        <properties returnEvent="horn_legato.LOADED" baseURL="../assets/audio" />
        <files>
            <file name="horn_legato_Ds1" cppextension="ogg" />
            <file name="horn_legato_G1" cppextension="ogg" />
            <file name="horn_legato_B1" cppextension="ogg" />
            <file name="horn_legato_Ds2" cppextension="ogg" />
            <file name="horn_legato_G2" cppextension="ogg" />
            <file name="horn_legato_B2" cppextension="ogg" />
            <file name="horn_legato_Ds3" cppextension="ogg" />
            <file name="horn_legato_G3" cppextension="ogg" />
            <file name="horn_legato_B3" cppextension="ogg" />
            <file name="horn_legato_Ds4" cppextension="ogg" />
            <file name="horn_legato_G4" cppextension="ogg" />
        </files>
    </loadSound>

    <audioBus instanceId="string_legato_bus" triggers="start_busses">
        <properties outputBus="main_bus" pan="0" volume="0"/>
        <audioNodes>
            <!--<convolver active="true" impulse="impulse_rev" dryLevel="-36" wetLevel="1" lowCut="900" highCut="22000" />-->
        </audioNodes>
    </audioBus>
    <sampler instanceId="string_legato" triggers="string_legato">
        <properties transpose="0" ignoreNoteOff="false" instanceId="multi" loop="false" bus="string_legato_bus" volume="-18"/>
        <properties ampAttack="0" ampDecay="0" ampRelease="680" ampSustain="1" ampVelocityRatio="0.7"/>
        <properties filterAttack="0" filterDecay="0" filterFrequency="0" filterGain="0" filterOn="false" filterQ="1" filterRelease="0" filterSustain="0" filterVelocityRatio="0"/>
        <audioNodes/>
        <sampleMapGroups>
            <sampleMapGroup name="string_legato">
                <sampleMaps>
                    <sampleMap name="string_legato" velocityHigh="127" velocityLow="1"/>
                </sampleMaps>
            </sampleMapGroup>
        </sampleMapGroups>
    </sampler>
    <loadSound instanceId="string_legato_loader" triggers="preload_assets">
        <properties returnEvent="string_legato.LOADED" baseURL="../assets/audio" />
        <files>
            <file name="string_legato_Ds0" cppextension="ogg" />
            <file name="string_legato_G0" cppextension="ogg" />
            <file name="string_legato_B0" cppextension="ogg" />
            <file name="string_legato_Ds1" cppextension="ogg" />
            <file name="string_legato_G1" cppextension="ogg" />
            <file name="string_legato_B1" cppextension="ogg" />
            <file name="string_legato_Ds2" cppextension="ogg" />
            <file name="string_legato_G2" cppextension="ogg" />
            <file name="string_legato_B2" cppextension="ogg" />
            <file name="string_legato_Ds3" cppextension="ogg" />
            <file name="string_legato_G3" cppextension="ogg" />
            <file name="string_legato_B3" cppextension="ogg" />
            <file name="string_legato_Ds4" cppextension="ogg" />
            <file name="string_legato_G4" cppextension="ogg" />
            <file name="string_legato_B4" cppextension="ogg" />
            <file name="string_legato_Ds5" cppextension="ogg" />
            <file name="string_legato_G5" cppextension="ogg" />
            <file name="string_legato_B5" cppextension="ogg" />
            <file name="string_legato_Ds6" cppextension="ogg" />
        </files>
    </loadSound>
</actions>



