<?xml version="1.0"?>
<actions>

    <scaler instanceId="synth_arp_1_dyn_normal_bus_macro" triggers="speed_gps" delay="0">
        <properties inputTransformParameterName="value" />
        <properties inputEventParameterIndex="0" />
        <properties targetInstance="synth_arp_1_dyn_normal_bus" />
        <properties targetParameter="fx:0:frequency" />
        <breakpoints>
			<breakpoint in="0" out="20" />
			<breakpoint in="5" out="20" />
			<breakpoint in="15" out="8000" />
			<breakpoint in="1000" out="8000" />
        </breakpoints>
	</scaler>

    <transform instanceId="synth_arp_1_dyn_normal_bus_m" triggers="speed_1" delay="0">
        <properties targets="synth_arp_1_dyn_normal_bus" />
        <properties targetParameter="fx:0:frequency" value="8000" />
        <properties duration="100000"   />
      </transform>


    <scaler instanceId="synth_arp_1_dyn_medium_bus_macro" triggers="speed_gps" delay="0">
        <properties inputTransformParameterName="value" />
        <properties inputEventParameterIndex="0" />
        <properties targetInstance="synth_arp_1_dyn_medium_bus" />
        <properties targetParameter="fx:0:frequency" />
        <breakpoints>
			<breakpoint in="0" out="20" />
			<breakpoint in="15" out="20" />
			<breakpoint in="35" out="8000" />
			<breakpoint in="1000" out="8000" />
        </breakpoints>
	</scaler>

    <scaler instanceId="synth_dist_dyn_medium_bus_macro" triggers="speed_gps" delay="0">
        <properties inputTransformParameterName="value" />
        <properties inputEventParameterIndex="0" />
        <properties targetInstance="synth_dist_dyn_medium_bus" />
        <properties targetParameter="fx:0:frequency" />
        <breakpoints>
			<breakpoint in="0" out="20" />
			<breakpoint in="15" out="20" />
			<breakpoint in="35" out="8000" />
			<breakpoint in="1000" out="8000" />
        </breakpoints>
	</scaler>

    <scaler instanceId="string_stac_dyn_normal_bus_macro" triggers="speed_gps" delay="0">
        <properties inputTransformParameterName="value" />
        <properties inputEventParameterIndex="0" />
        <properties targetInstance="string_stac_dyn_normal_bus" />
        <properties targetParameter="volume" />
        <breakpoints>
			<breakpoint in="0" out="-20" />
			<breakpoint in="5" out="-20" />
			<breakpoint in="15" out="-3" />
			<breakpoint in="1000" out="-3" />
        </breakpoints>
	</scaler>

    <scaler instanceId="string_stac_dyn_medium_bus_macro" triggers="speed_gps" delay="0">
        <properties inputTransformParameterName="value" />
        <properties inputEventParameterIndex="0" />
        <properties targetInstance="string_stac_dyn_medium_bus" />
        <properties targetParameter="volume" />
        <breakpoints>
			<breakpoint in="0" out="-20" />
			<breakpoint in="15" out="-20" />
			<breakpoint in="25" out="-3" />
			<breakpoint in="1000" out="-3" />
        </breakpoints>
	</scaler>

    <scaler instanceId="string_stac_dyn_fast_bus_macro" triggers="speed_gps" delay="0">
        <properties inputTransformParameterName="value" />
        <properties inputEventParameterIndex="0" />
        <properties targetInstance="string_stac_dyn_fast_bus" />
        <properties targetParameter="volume" />
        <breakpoints>
			<breakpoint in="0" out="-20" />
			<breakpoint in="35" out="-20" />
			<breakpoint in="45" out="-3" />
			<breakpoint in="1000" out="-3" />
        </breakpoints>
	</scaler>

	<scaler instanceId="drum_rolls_dyn_fast_bus_macro" triggers="speed_gps" delay="0">
        <properties inputTransformParameterName="value" />
        <properties inputEventParameterIndex="0" />
        <properties targetInstance="drum_rolls_dyn_fast_bus" />
        <properties targetParameter="volume" />
        <breakpoints>
			<breakpoint in="0" out="-30" />
			<breakpoint in="35" out="-30" />
			<breakpoint in="45" out="-3" />
			<breakpoint in="1000" out="-3" />
        </breakpoints>
	</scaler>

</actions>
