<?xml version="1.0"?>
<actions>

	<!-- synth_arp_1_dyn_normal_bus_macro -->
     <!--macro instanceId="synth_arp_1_dyn_normal_bus_macro" triggers="synth_arp_1_dyn_normal_bus_macro" delay="0">
        <properties inputTransformParameterName="value" />
        <properties inputEventParameterIndex="0" />
        <macroTargets>
            <macroTarget>
                <properties targetInstance="synth_arp_1_dyn_normal_bus" min="20" max="8000" targetParameter="fx:0:frequency" curve="LINEAR" />
            </macroTarget>
        </macroTargets>
    </macro-->
    
    <transform instanceId="synth_arp_1_dyn_normal_bus_macro_up" triggers="speed_1" delay="0">
        <properties targets="synth_arp_1_dyn_normal_bus" />
        <properties targetParameter="fx:0:frequency" value="8000" />
        <properties duration="100000"   />
    </transform>
    <transform instanceId="synth_arp_1_dyn_normal_bus_macro_down" triggers="XXX" delay="0">
        <properties targets="synth_arp_1_dyn_normal_bus" />
        <properties targetParameter="fx:0:frequency" value="20" />
        <properties duration="100000"   />
    </transform>


	<!-- synth_arp_1_dyn_medium_bus_macro -->
    <!--macro instanceId="synth_arp_1_dyn_medium_bus_macro" triggers="synth_arp_1_dyn_medium_bus_macro" delay="0">
        <properties inputTransformParameterName="value" />
        <properties inputEventParameterIndex="0" />
        <macroTargets>
            <macroTarget>
                <properties targetInstance="synth_arp_1_dyn_medium_bus" min="20" max="8000" targetParameter="fx:0:frequency" curve="LINEAR" />
            </macroTarget>
        </macroTargets>
    </macro-->
    
    <transform instanceId="synth_arp_1_dyn_medium_bus_macro_up" triggers="speed_2" delay="0">
        <properties targets="synth_arp_1_dyn_medium_bus" />
        <properties targetParameter="fx:0:frequency" value="8000" />
        <properties duration="100000"   />
    </transform>
    <transform instanceId="synth_arp_1_dyn_medium_bus_macro_down" triggers="XXX" delay="0">
        <properties targets="synth_arp_1_dyn_medium_bus" />
        <properties targetParameter="fx:0:frequency" value="20" />
        <properties duration="100000"   />
    </transform>

	<!-- synth_arp_1_dyn_fast_bus_macro -->
    <!--macro instanceId="synth_arp_1_dyn_fast_bus_macro" triggers="synth_arp_1_dyn_fast_bus_macro" delay="0">
        <properties inputTransformParameterName="value" />
        <properties inputEventParameterIndex="0" />
        <macroTargets>
            <macroTarget>
                <properties targetInstance="synth_arp_1_dyn_fast_bus" min="20" max="8000" targetParameter="fx:0:frequency" curve="LINEAR" />
            </macroTarget>
        </macroTargets>
    </macro-->
    
    <transform instanceId="synth_arp_1_dyn_fast_bus_macro_up" triggers="speed_4" delay="0">
        <properties targets="synth_arp_1_dyn_fast_bus" />
        <properties targetParameter="fx:0:frequency" value="8000" />
        <properties duration="100000"   />
    </transform>
    <transform instanceId="synth_arp_1_dyn_fast_bus_macro_down" triggers="XXX" delay="0">
        <properties targets="synth_arp_1_dyn_fast_bus" />
        <properties targetParameter="fx:0:frequency" value="20" />
        <properties duration="100000"   />
    </transform>

	<!-- synth_arp_2_dyn_medium_bus_macro -->
    <!--macro instanceId="synth_arp_2_dyn_medium_bus_macro" triggers="synth_arp_2_dyn_medium_bus_macro" delay="0">
        <properties inputTransformParameterName="value" />
        <properties inputEventParameterIndex="0" />
        <macroTargets>
            <macroTarget>
                <properties targetInstance="synth_arp_2_dyn_medium_bus" min="20" max="8000" targetParameter="fx:0:frequency" curve="LINEAR" />
            </macroTarget>
        </macroTargets>
    </macro-->
    
    <transform instanceId="synth_arp_2_dyn_medium_bus_macro_up" triggers="speed_2" delay="0">
        <properties targets="synth_arp_2_dyn_medium_bus" />
        <properties targetParameter="fx:0:frequency" value="8000" />
        <properties duration="100000"   />
    </transform>
    <transform instanceId="synth_arp_2_dyn_medium_bus_macro_down" triggers="XXX" delay="0">
        <properties targets="synth_arp_2_dyn_medium_bus" />
        <properties targetParameter="fx:0:frequency" value="20" />
        <properties duration="100000"   />
    </transform>

	<!-- synth_bas_dyn_normal_bus_macro -->
    <!--macro instanceId="synth_bas_dyn_normal_bus_macro" triggers="synth_bas_dyn_normal_bus_macro" delay="0">
        <properties inputTransformParameterName="value" />
        <properties inputEventParameterIndex="0" />
        <macroTargets>
            <macroTarget>
                <properties targetInstance="synth_bas_dyn_normal_bus" min="20" max="8000" targetParameter="fx:0:frequency" curve="LINEAR" />
            </macroTarget>
        </macroTargets>
    </macro-->
    
    <transform instanceId="synth_bas_dyn_normal_bus_macro_up" triggers="speed_1" delay="0">
        <properties targets="synth_bas_dyn_normal_bus" />
        <properties targetParameter="fx:0:frequency" value="8000" />
        <properties duration="100000"   />
    </transform>
    <transform instanceId="synth_bas_dyn_normal_bus_macro_down" triggers="XXX" delay="0">
        <properties targets="synth_bas_dyn_normal_bus" />
        <properties targetParameter="fx:0:frequency" value="20" />
        <properties duration="100000"   />
    </transform>

	<!-- synth_bas_dyn_medium_bus_macro -->
    <!--macro instanceId="synth_bas_dyn_medium_bus_macro" triggers="synth_bas_dyn_medium_bus_macro" delay="0">
        <properties inputTransformParameterName="value" />
        <properties inputEventParameterIndex="0" />
        <macroTargets>
            <macroTarget>
                <properties targetInstance="synth_bas_dyn_medium_bus" min="20" max="8000" targetParameter="fx:0:frequency" curve="LINEAR" />
            </macroTarget>
        </macroTargets>
    </macro-->
    
    <transform instanceId="synth_bas_dyn_medium_bus_macro_up" triggers="speed_2" delay="0">
        <properties targets="synth_bas_dyn_medium_bus" />
        <properties targetParameter="fx:0:frequency" value="8000" />
        <properties duration="100000"   />
    </transform>
    <transform instanceId="synth_bas_dyn_medium_bus_macro_down" triggers="XXX" delay="0">
        <properties targets="synth_bas_dyn_medium_bus" />
        <properties targetParameter="fx:0:frequency" value="20" />
        <properties duration="100000"   />
    </transform>

	<!-- synth_bas_dyn2_bus_macro -->
    <!--macro instanceId="synth_bas_dyn2_bus_macro" triggers="synth_bas_dyn2_bus_macro" delay="0">
        <properties inputTransformParameterName="value" />
        <properties inputEventParameterIndex="0" />
        <macroTargets>
            <macroTarget>
                <properties targetInstance="synth_bas_dyn2_bus" min="20" max="12000" targetParameter="fx:0:frequency" curve="LINEAR" />
            </macroTarget>
        </macroTargets>
    </macro-->
    
    <transform instanceId="synth_bas_dyn2_bus_macro_up" triggers="XXX" delay="0">
        <properties targets="synth_bas_dyn2_bus" />
        <properties targetParameter="fx:0:frequency" value="8000" />
        <properties duration="100000"   />
    </transform>
    <transform instanceId="synth_bas_dyn2_bus_macro_down" triggers="XXX" delay="0">
        <properties targets="synth_bas_dyn2_bus" />
        <properties targetParameter="fx:0:frequency" value="20" />
        <properties duration="100000"   />
    </transform>

	<!-- synth_dist_dyn_medium_bus_macro -->
    <!--macro instanceId="synth_dist_dyn_medium_bus_macro" triggers="synth_dist_dyn_medium_bus_macro" delay="0">
        <properties inputTransformParameterName="value" />
        <properties inputEventParameterIndex="0" />
        <macroTargets>
            <macroTarget>
                <properties targetInstance="synth_dist_dyn_medium_bus" min="20" max="8000" targetParameter="fx:0:frequency" curve="LINEAR" />
            </macroTarget>
        </macroTargets>
    </macro-->
    
    <transform instanceId="synth_dist_dyn_medium_bus_macro_up" triggers="speed_2" delay="0">
        <properties targets="synth_dist_dyn_medium_bus" />
        <properties targetParameter="fx:0:frequency" value="8000" />
        <properties duration="100000"   />
    </transform>
    <transform instanceId="synth_dist_dyn_medium_bus_macro_down" triggers="XXX" delay="0">
        <properties targets="synth_dist_dyn_medium_bus" />
        <properties targetParameter="fx:0:frequency" value="20" />
        <properties duration="100000"   />
    </transform>

	<!-- string_stac_dyn_normal_bus_macro -->
    <!--macro instanceId="string_stac_dyn_normal_bus_macro" triggers="string_stac_dyn_normal_bus_macro" delay="0">
        <properties inputTransformParameterName="value" />
        <properties inputEventParameterIndex="0" />
        <macroTargets>
            <macroTarget>
                <properties targetInstance="string_stac_dyn_normal_bus" min="-20" max="-3" targetParameter="volume" curve="LINEAR" />
            </macroTarget>
        </macroTargets>
    </macro-->
    
    <transform instanceId="string_stac_dyn_normal_bus_macro_up" triggers="speed_1" delay="0">
        <properties targets="string_stac_dyn_normal_bus" />
        <properties targetParameter="volume" value="-3" />
        <properties duration="100000"   />
    </transform>
    <transform instanceId="string_stac_dyn_normal_bus_macro_down" triggers="XXX" delay="0">
        <properties targets="string_stac_dyn_normal_bus" />
        <properties targetParameter="volume" value="-20" />
        <properties duration="100000"   />
    </transform>

	<!-- string_stac_dyn_medium_bus_macro -->
    <!--macro instanceId="string_stac_dyn_medium_bus_macro" triggers="string_stac_dyn_medium_bus_macro" delay="0">
        <properties inputTransformParameterName="value" />
        <properties inputEventParameterIndex="0" />
        <macroTargets>
            <macroTarget>
                <properties targetInstance="string_stac_dyn_medium_bus" min="-20" max="-3" targetParameter="volume" curve="LINEAR" />
            </macroTarget>
        </macroTargets>
    </macro-->
    
    <transform instanceId="string_stac_dyn_medium_bus_macro_up" triggers="speed_2" delay="0">
        <properties targets="string_stac_dyn_medium_bus" />
        <properties targetParameter="volume" value="-3" />
        <properties duration="100000"   />
    </transform>
    <transform instanceId="string_stac_dyn_medium_bus_macro_down" triggers="XXX" delay="0">
        <properties targets="string_stac_dyn_medium_bus" />
        <properties targetParameter="volume" value="-20" />
        <properties duration="100000"   />
    </transform>

	<!-- string_stac_dyn_fast_bus_macro -->
    <!--macro instanceId="string_stac_dyn_fast_bus_macro" triggers="string_stac_dyn_fast_bus_macro" delay="0">
        <properties inputTransformParameterName="value" />
        <properties inputEventParameterIndex="0" />
        <macroTargets>
            <macroTarget>
                <properties targetInstance="string_stac_dyn_fast_bus" min="-20" max="-3" targetParameter="volume" curve="LINEAR" />
            </macroTarget>
        </macroTargets>
    </macro-->
    
    <transform instanceId="string_stac_dyn_fast_bus_macro_up" triggers="speed_4" delay="0">
        <properties targets="string_stac_dyn_fast_bus" />
        <properties targetParameter="volume" value="-3" />
        <properties duration="100000"   />
    </transform>
    <transform instanceId="string_stac_dyn_fast_bus_macro_down" triggers="XXX" delay="0">
        <properties targets="string_stac_dyn_fast_bus" />
        <properties targetParameter="volume" value="-20" />
        <properties duration="100000"   />
    </transform>

	<!-- drum_hit_dyn_fast_bus_macro -->
    <!--macro instanceId="drum_hit_dyn_fast_bus_macro" triggers="drum_hit_dyn_fast_bus_macro" delay="0">
        <properties inputTransformParameterName="value" />
        <properties inputEventParameterIndex="0" />
        <macroTargets>
            <macroTarget>
                <properties targetInstance="drum_hit_dyn_fast_bus" min="-30" max="-3" targetParameter="volume" curve="LINEAR" />
            </macroTarget>
        </macroTargets>
    </macro-->
    
    <transform instanceId="drum_hit_dyn_fast_bus_macro_up" triggers="speed_4" delay="0">
        <properties targets="drum_hit_dyn_fast_bus" />
        <properties targetParameter="volume" value="-3" />
        <properties duration="100000"   />
    </transform>
    <transform instanceId="drum_hit_dyn_fast_bus_macro_down" triggers="XXX" delay="0">
        <properties targets="drum_hit_dyn_fast_bus" />
        <properties targetParameter="volume" value="-30" />
        <properties duration="100000"   />
    </transform>

	<!-- drum_rolls_dyn_fast_bus_macro -->
    <!--macro instanceId="drum_rolls_dyn_fast_bus_macro" triggers="drum_rolls_dyn_fast_bus_macro" delay="0">
        <properties inputTransformParameterName="value" />
        <properties inputEventParameterIndex="0" />
        <macroTargets>
            <macroTarget>
                <properties targetInstance="drum_rolls_dyn_fast_bus" min="-30" max="-3" targetParameter="volume" curve="LINEAR" />
            </macroTarget>
        </macroTargets>
    </macro-->
    
    <transform instanceId="drum_rolls_dyn_fast_bus_macro_up" triggers="speed_4" delay="0">
        <properties targets="drum_rolls_dyn_fast_bus" />
        <properties targetParameter="volume" value="-3" />
        <properties duration="100000"   />
    </transform>
    <transform instanceId="drum_rolls_dyn_fast_bus_macro_down" triggers="XXX" delay="0">
        <properties targets="drum_rolls_dyn_fast_bus" />
        <properties targetParameter="volume" value="-30" />
        <properties duration="100000"   />
    </transform>

</actions>
