    <loadSound instanceId="load_sound" triggers="preload_assets">
        <properties returnEvent="drum_hit.LOADED" baseURL="../assets/audio" async="true"/>
        <files>
            <file name="drum_hit_1_1" cppextension="ogg" />
            <file name="drum_hit_1_2" cppextension="ogg" />
            <file name="drum_hit_1_3" cppextension="ogg" />
            <file name="drum_hit_1_4" cppextension="ogg" />
            <file name="drum_hit_1_5" cppextension="ogg" />
            <file name="drum_hit_1_6" cppextension="ogg" />
            <file name="drum_hit_2_1" cppextension="ogg" />
            <file name="drum_hit_2_2" cppextension="ogg" />
            <file name="drum_hit_2_3" cppextension="ogg" />
            <file name="drum_hit_2_4" cppextension="ogg" />
            <file name="drum_hit_2_5" cppextension="ogg" />
            <file name="drum_hit_2_6" cppextension="ogg" />
            <file name="drum_hit_3_1" cppextension="ogg" />
            <file name="drum_hit_3_2" cppextension="ogg" />
            <file name="drum_hit_3_3" cppextension="ogg" />
            <file name="drum_hit_3_4" cppextension="ogg" />
            <file name="drum_hit_3_5" cppextension="ogg" />
            <file name="drum_hit_3_6" cppextension="ogg" />
            <file name="drum_hit_4_1" cppextension="ogg" />
            <file name="drum_hit_4_2" cppextension="ogg" />
            <file name="drum_hit_4_3" cppextension="ogg" />
            <file name="drum_hit_4_4" cppextension="ogg" />
            <file name="drum_hit_4_5" cppextension="ogg" />
            <file name="drum_hit_4_6" cppextension="ogg" />
            <file name="drum_hit_5_1" cppextension="ogg" />
            <file name="drum_hit_5_2" cppextension="ogg" />
            <file name="drum_hit_5_3" cppextension="ogg" />
            <file name="drum_hit_5_4" cppextension="ogg" />
            <file name="drum_hit_5_5" cppextension="ogg" />
            <file name="drum_hit_5_6" cppextension="ogg" />
            <file name="drum_hit_6_1" cppextension="ogg" />
            <file name="drum_hit_6_2" cppextension="ogg" />
            <file name="drum_hit_6_3" cppextension="ogg" />
            <file name="drum_hit_6_4" cppextension="ogg" />
            <file name="drum_hit_6_5" cppextension="ogg" />
            <file name="drum_hit_7_1" cppextension="ogg" />
            <file name="drum_hit_7_2" cppextension="ogg" />
            <file name="drum_hit_7_3" cppextension="ogg" />
            <file name="drum_hit_7_4" cppextension="ogg" />
            <file name="drum_hit_7_5" cppextension="ogg" />
            <file name="drum_hit_8_1" cppextension="ogg" />
            <file name="drum_hit_8_2" cppextension="ogg" />
            <file name="drum_hit_8_3" cppextension="ogg" />
            <file name="drum_hit_8_4" cppextension="ogg" />
            <file name="drum_hit_8_5" cppextension="ogg" />
            <file name="drum_hit_9_1" cppextension="ogg" />
            <file name="drum_hit_9_2" cppextension="ogg" />
            <file name="drum_hit_9_3" cppextension="ogg" />
            <file name="drum_hit_9_4" cppextension="ogg" />
            <file name="drum_hit_9_5" cppextension="ogg" />
            <file name="drum_hit_10_1" cppextension="ogg" />
            <file name="drum_hit_10_2" cppextension="ogg" />
            <file name="drum_hit_10_3" cppextension="ogg" />
            <file name="drum_hit_11_1" cppextension="ogg" />
            <file name="drum_hit_11_2" cppextension="ogg" />
            <file name="drum_hit_11_3" cppextension="ogg" />
            <file name="drum_hit_11_4" cppextension="ogg" />
            <file name="drum_hit_11_5" cppextension="ogg" />
            <file name="drum_hit_11_6" cppextension="ogg" />
            <file name="drum_hit_12_1" cppextension="ogg" />
            <file name="drum_hit_12_2" cppextension="ogg" />
            <file name="drum_hit_12_3" cppextension="ogg" />
            <file name="drum_hit_12_4" cppextension="ogg" />
            <file name="drum_hit_13_1" cppextension="ogg" />
            <file name="drum_hit_13_2" cppextension="ogg" />
            <file name="drum_hit_13_3" cppextension="ogg" />
            <file name="drum_hit_13_4" cppextension="ogg" />
            <file name="drum_hit_14_1" cppextension="ogg" />
            <file name="drum_hit_14_2" cppextension="ogg" />
            <file name="drum_hit_14_3" cppextension="ogg" />
            <file name="drum_hit_14_4" cppextension="ogg" />
            <file name="drum_hit_15_1" cppextension="ogg" />
            <file name="drum_hit_15_2" cppextension="ogg" />
            <file name="drum_hit_15_3" cppextension="ogg" />
            <file name="drum_hit_16_1" cppextension="ogg" />
            <file name="drum_hit_16_2" cppextension="ogg" />
            <file name="drum_hit_16_3" cppextension="ogg" />
        </files>
    </loadSound>