<?xml version="1.0"?>
<actions>
<!--
    <scaler instanceId="synth_arp_1_dyn_normal_bus_macro" triggers="speed_gps" delay="0">
        <properties inputTransformParameterName="value" />
        <properties inputEventParameterIndex="0" />
        <properties targetInstance="synth_arp_1_dyn_normal_bus_transform" />
        <properties targetParameter="value" />
        <breakpoints>
			<breakpoint in="0" out="20" />
			<breakpoint in="5" out="20" />
			<breakpoint in="15" out="8000" />
			<breakpoint in="1000" out="8000" />
        </breakpoints>
	</scaler>
-->

    <eventDispatcher instanceId="synth_arp_1_dyn_normal_bus_dispatch" delay="0" triggers="speed_gps,dmaf_init">
        <properties inputTransformParameterName="value" />
        <properties inputEventParameterIndex="0" />
        <properties dispatch="ON_CHANGE" />
        <properties outOfRange="CLAMP" />
            <eventDispatchMaps>
                <eventDispatchMap value="0" outEvent="synth_arp_1_dyn_normal_0" />
                <eventDispatchMap value="5" outEvent="synth_arp_1_dyn_normal_5" />
                <eventDispatchMap value="7" outEvent="synth_arp_1_dyn_normal_7" />
                <eventDispatchMap value="9" outEvent="synth_arp_1_dyn_normal_9" />
                <eventDispatchMap value="11" outEvent="synth_arp_1_dyn_normal_11" />
                <eventDispatchMap value="13" outEvent="synth_arp_1_dyn_normal_13" />
                <eventDispatchMap value="15" outEvent="synth_arp_1_dyn_normal_15" />
            </eventDispatchMaps>
    </eventDispatcher>

    <transform instanceId="synth_arp_1_dyn_normal_bus_transform_0" triggers="synth_arp_1_dyn_normal_0" delay="0">
        <properties targets="synth_arp_1_dyn_normal_bus" />
        <properties targetParameter="fx:0:frequency" value="20" />
        <properties duration="2000"  />
    </transform>

    <transform instanceId="synth_arp_1_dyn_normal_bus_transform_5" triggers="synth_arp_1_dyn_normal_5" delay="0">
        <properties targets="synth_arp_1_dyn_normal_bus" />
        <properties targetParameter="fx:0:frequency" value="100" />
        <properties duration="2000"   />
    </transform>

    <transform instanceId="synth_arp_1_dyn_normal_bus_transform_7" triggers="synth_arp_1_dyn_normal_7" delay="0">
        <properties targets="synth_arp_1_dyn_normal_bus" />
        <properties targetParameter="fx:0:frequency" value="200" />
        <properties duration="2000"   />
    </transform>

    <transform instanceId="synth_arp_1_dyn_normal_bus_transform_9" triggers="synth_arp_1_dyn_normal_9" delay="0">
        <properties targets="synth_arp_1_dyn_normal_bus" />
        <properties targetParameter="fx:0:frequency" value="400" />
        <properties duration="2000"   />
    </transform>

    <transform instanceId="synth_arp_1_dyn_normal_bus_transform_11" triggers="synth_arp_1_dyn_normal_11" delay="0">
        <properties targets="synth_arp_1_dyn_normal_bus" />
        <properties targetParameter="fx:0:frequency" value="800" />
        <properties duration="2000"   />
    </transform>

    <transform instanceId="synth_arp_1_dyn_normal_bus_transform_13" triggers="synth_arp_1_dyn_normal_13" delay="0">
        <properties targets="synth_arp_1_dyn_normal_bus" />
        <properties targetParameter="fx:0:frequency" value="1600" />
        <properties duration="2000"   />
    </transform>

    <transform instanceId="synth_arp_1_dyn_normal_bus_transform_15" triggers="synth_arp_1_dyn_normal_15" delay="0">
        <properties targets="synth_arp_1_dyn_normal_bus" />
        <properties targetParameter="fx:0:frequency" value="8000" />
        <properties duration="2000"   />
    </transform>



<!--
    <scaler instanceId="synth_arp_1_dyn_medium_bus_macro" triggers="speed_gps" delay="0">
        <properties inputTransformParameterName="value" />
        <properties inputEventParameterIndex="0" />
        <properties targetInstance="synth_arp_1_dyn_medium_bus" />
        <properties targetParameter="fx:0:frequency" />
        <breakpoints>
			<breakpoint in="0" out="20" />
			<breakpoint in="15" out="20" />
			<breakpoint in="35" out="8000" />
			<breakpoint in="1000" out="8000" />
        </breakpoints>
	</scaler>
-->

   <eventDispatcher instanceId="synth_arp_1_dyn_medium_bus_dispatch" delay="0" triggers="speed_gps,dmaf_init">
        <properties inputTransformParameterName="value" />
        <properties inputEventParameterIndex="0" />
        <properties dispatch="ON_CHANGE" />
        <properties outOfRange="CLAMP" />
            <eventDispatchMaps>
                <eventDispatchMap value="0" outEvent="synth_arp_1_dyn_medium_0" />
                <eventDispatchMap value="15" outEvent="synth_arp_1_dyn_medium_15" />
                <eventDispatchMap value="17" outEvent="synth_arp_1_dyn_medium_17" />
                <eventDispatchMap value="19" outEvent="synth_arp_1_dyn_medium_19" />
                <eventDispatchMap value="21" outEvent="synth_arp_1_dyn_medium_21" />
                <eventDispatchMap value="23" outEvent="synth_arp_1_dyn_medium_23" />
                <eventDispatchMap value="25" outEvent="synth_arp_1_dyn_medium_25" />
                <eventDispatchMap value="27" outEvent="synth_arp_1_dyn_medium_27" />
                <eventDispatchMap value="29" outEvent="synth_arp_1_dyn_medium_29" />
                <eventDispatchMap value="31" outEvent="synth_arp_1_dyn_medium_31" />
                <eventDispatchMap value="33" outEvent="synth_arp_1_dyn_medium_33" />
                <eventDispatchMap value="35" outEvent="synth_arp_1_dyn_medium_35" />
            </eventDispatchMaps>
    </eventDispatcher>

    <transform instanceId="synth_arp_1_dyn_medium_bus_transform_0" triggers="synth_arp_1_dyn_medium_0" delay="0">
        <properties targets="synth_arp_1_dyn_medium_bus" />
        <properties targetParameter="fx:0:frequency" value="20" />
        <properties duration="2000"  />
    </transform>

    <transform instanceId="synth_arp_1_dyn_medium_bus_transform_15" triggers="synth_arp_1_dyn_medium_15" delay="0">
        <properties targets="synth_arp_1_dyn_medium_bus" />
        <properties targetParameter="fx:0:frequency" value="100" />
        <properties duration="2000"   />
    </transform>

    <transform instanceId="synth_arp_1_dyn_medium_bus_transform_17" triggers="synth_arp_1_dyn_medium_17" delay="0">
        <properties targets="synth_arp_1_dyn_medium_bus" />
        <properties targetParameter="fx:0:frequency" value="150" />
        <properties duration="2000"   />
    </transform>

    <transform instanceId="synth_arp_1_dyn_medium_bus_transform_19" triggers="synth_arp_1_dyn_medium_19" delay="0">
        <properties targets="synth_arp_1_dyn_medium_bus" />
        <properties targetParameter="fx:0:frequency" value="200" />
        <properties duration="2000"   />
    </transform>

    <transform instanceId="synth_arp_1_dyn_medium_bus_transform_21" triggers="synth_arp_1_dyn_medium_21" delay="0">
        <properties targets="synth_arp_1_dyn_medium_bus" />
        <properties targetParameter="fx:0:frequency" value="500" />
        <properties duration="2000"   />
    </transform>

    <transform instanceId="synth_arp_1_dyn_medium_bus_transform_23" triggers="synth_arp_1_dyn_medium_23" delay="0">
        <properties targets="synth_arp_1_dyn_medium_bus" />
        <properties targetParameter="fx:0:frequency" value="600" />
        <properties duration="2000"   />
    </transform>

    <transform instanceId="synth_arp_1_dyn_medium_bus_transform_25" triggers="synth_arp_1_dyn_medium_25" delay="0">
        <properties targets="synth_arp_1_dyn_medium_bus" />
        <properties targetParameter="fx:0:frequency" value="800" />
        <properties duration="2000"   />
    </transform>

    <transform instanceId="synth_arp_1_dyn_medium_bus_transform_27" triggers="synth_arp_1_dyn_medium_27" delay="0">
        <properties targets="synth_arp_1_dyn_medium_bus" />
        <properties targetParameter="fx:0:frequency" value="900" />
        <properties duration="2000"   />
    </transform>

    <transform instanceId="synth_arp_1_dyn_medium_bus_transform_29" triggers="synth_arp_1_dyn_medium_29" delay="0">
        <properties targets="synth_arp_1_dyn_medium_bus" />
        <properties targetParameter="fx:0:frequency" value="1000" />
        <properties duration="2000"   />
    </transform>

    <transform instanceId="synth_arp_1_dyn_medium_bus_transform_31" triggers="synth_arp_1_dyn_medium_31" delay="0">
        <properties targets="synth_arp_1_dyn_medium_bus" />
        <properties targetParameter="fx:0:frequency" value="1700" />
        <properties duration="2000"   />
    </transform>

    <transform instanceId="synth_arp_1_dyn_medium_bus_transform_33" triggers="synth_arp_1_dyn_medium_33" delay="0">
        <properties targets="synth_arp_1_dyn_medium_bus" />
        <properties targetParameter="fx:0:frequency" value="2500" />
        <properties duration="2000"   />
    </transform>

    <transform instanceId="synth_arp_1_dyn_medium_bus_transform_35" triggers="synth_arp_1_dyn_medium_35" delay="0">
        <properties targets="synth_arp_1_dyn_medium_bus" />
        <properties targetParameter="fx:0:frequency" value="8000" />
        <properties duration="2000"   />
    </transform>



<!--
    <scaler instanceId="synth_dist_dyn_medium_bus_macro" triggers="speed_gps" delay="0">
        <properties inputTransformParameterName="value" />
        <properties inputEventParameterIndex="0" />
        <properties targetInstance="synth_dist_dyn_medium_bus" />
        <properties targetParameter="fx:0:frequency" />
        <breakpoints>
			<breakpoint in="0" out="20" />
			<breakpoint in="15" out="20" />
			<breakpoint in="35" out="8000" />
			<breakpoint in="1000" out="8000" />
        </breakpoints>
	</scaler>
-->

 <eventDispatcher instanceId="synth_dist_dyn_medium_bus_dispatch" delay="0" triggers="speed_gps,dmaf_init">
        <properties inputTransformParameterName="value" />
        <properties inputEventParameterIndex="0" />
        <properties dispatch="ON_CHANGE" />
        <properties outOfRange="CLAMP" />
            <eventDispatchMaps>
                <eventDispatchMap value="0" outEvent="synth_dist_dyn_medium_0" />
                <eventDispatchMap value="15" outEvent="synth_dist_dyn_medium_15" />
                <eventDispatchMap value="17" outEvent="synth_dist_dyn_medium_17" />
                <eventDispatchMap value="19" outEvent="synth_dist_dyn_medium_19" />
                <eventDispatchMap value="21" outEvent="synth_dist_dyn_medium_21" />
                <eventDispatchMap value="23" outEvent="synth_dist_dyn_medium_23" />
                <eventDispatchMap value="25" outEvent="synth_dist_dyn_medium_25" />
                <eventDispatchMap value="27" outEvent="synth_dist_dyn_medium_27" />
                <eventDispatchMap value="29" outEvent="synth_dist_dyn_medium_29" />
                <eventDispatchMap value="31" outEvent="synth_dist_dyn_medium_31" />
                <eventDispatchMap value="33" outEvent="synth_dist_dyn_medium_33" />
                <eventDispatchMap value="35" outEvent="synth_dist_dyn_medium_35" />
            </eventDispatchMaps>
    </eventDispatcher>

    <transform instanceId="synth_dist_dyn_medium_bus_transform_0" triggers="synth_dist_dyn_medium_0" delay="0">
        <properties targets="synth_dist_dyn_medium_bus" />
        <properties targetParameter="fx:0:frequency" value="20" />
        <properties duration="2000"  />
    </transform>

    <transform instanceId="synth_dist_dyn_medium_bus_transform_15" triggers="synth_dist_dyn_medium_15" delay="0">
        <properties targets="synth_dist_dyn_medium_bus" />
        <properties targetParameter="fx:0:frequency" value="100" />
        <properties duration="2000"   />
    </transform>

    <transform instanceId="synth_dist_dyn_medium_bus_transform_17" triggers="synth_dist_dyn_medium_17" delay="0">
        <properties targets="synth_dist_dyn_medium_bus" />
        <properties targetParameter="fx:0:frequency" value="150" />
        <properties duration="2000"   />
    </transform>

    <transform instanceId="synth_dist_dyn_medium_bus_transform_19" triggers="synth_dist_dyn_medium_19" delay="0">
        <properties targets="synth_dist_dyn_medium_bus" />
        <properties targetParameter="fx:0:frequency" value="200" />
        <properties duration="2000"   />
    </transform>

    <transform instanceId="synth_dist_dyn_medium_bus_transform_21" triggers="synth_dist_dyn_medium_21" delay="0">
        <properties targets="synth_dist_dyn_medium_bus" />
        <properties targetParameter="fx:0:frequency" value="500" />
        <properties duration="2000"   />
    </transform>

    <transform instanceId="synth_dist_dyn_medium_bus_transform_23" triggers="synth_dist_dyn_medium_23" delay="0">
        <properties targets="synth_dist_dyn_medium_bus" />
        <properties targetParameter="fx:0:frequency" value="600" />
        <properties duration="2000"   />
    </transform>

    <transform instanceId="synth_dist_dyn_medium_bus_transform_25" triggers="synth_dist_dyn_medium_25" delay="0">
        <properties targets="synth_dist_dyn_medium_bus" />
        <properties targetParameter="fx:0:frequency" value="800" />
        <properties duration="2000"   />
    </transform>

    <transform instanceId="synth_dist_dyn_medium_bus_transform_27" triggers="synth_dist_dyn_medium_27" delay="0">
        <properties targets="synth_dist_dyn_medium_bus" />
        <properties targetParameter="fx:0:frequency" value="900" />
        <properties duration="2000"   />
    </transform>

    <transform instanceId="synth_dist_dyn_medium_bus_transform_29" triggers="synth_dist_dyn_medium_29" delay="0">
        <properties targets="synth_dist_dyn_medium_bus" />
        <properties targetParameter="fx:0:frequency" value="1000" />
        <properties duration="2000"   />
    </transform>

    <transform instanceId="synth_dist_dyn_medium_bus_transform_31" triggers="synth_dist_dyn_medium_31" delay="0">
        <properties targets="synth_dist_dyn_medium_bus" />
        <properties targetParameter="fx:0:frequency" value="1700" />
        <properties duration="2000"   />
    </transform>

    <transform instanceId="synth_dist_dyn_medium_bus_transform_33" triggers="synth_dist_dyn_medium_33" delay="0">
        <properties targets="synth_dist_dyn_medium_bus" />
        <properties targetParameter="fx:0:frequency" value="2500" />
        <properties duration="2000"   />
    </transform>

    <transform instanceId="synth_dist_dyn_medium_bus_transform_35" triggers="synth_dist_dyn_medium_35" delay="0">
        <properties targets="synth_dist_dyn_medium_bus" />
        <properties targetParameter="fx:0:frequency" value="8000" />
        <properties duration="2000"   />
    </transform>

<!--

    <scaler instanceId="string_stac_dyn_normal_bus_macro" triggers="speed_gps" delay="0">
        <properties inputTransformParameterName="value" />
        <properties inputEventParameterIndex="0" />
        <properties targetInstance="string_stac_dyn_normal_bus" />
        <properties targetParameter="volume" />
        <breakpoints>
			<breakpoint in="0" out="-20" />
			<breakpoint in="5" out="-20" />
			<breakpoint in="15" out="-3" />
			<breakpoint in="1000" out="-3" />
        </breakpoints>
	</scaler>
-->


    <eventDispatcher instanceId="string_stac_dyn_normal_bus_dispatch" delay="0" triggers="speed_gps,dmaf_init">
        <properties inputTransformParameterName="value" />
        <properties inputEventParameterIndex="0" />
        <properties dispatch="ON_CHANGE" />
        <properties outOfRange="CLAMP" />
            <eventDispatchMaps>
                <eventDispatchMap value="0" outEvent="string_stac_dyn_normal_0" />
                <eventDispatchMap value="5" outEvent="string_stac_dyn_normal_5" />
                <eventDispatchMap value="7" outEvent="string_stac_dyn_normal_7" />
                <eventDispatchMap value="9" outEvent="string_stac_dyn_normal_9" />
                <eventDispatchMap value="11" outEvent="string_stac_dyn_normal_11" />
                <eventDispatchMap value="13" outEvent="string_stac_dyn_normal_13" />
                <eventDispatchMap value="15" outEvent="string_stac_dyn_normal_15" />
            </eventDispatchMaps>
    </eventDispatcher>

    <transform instanceId="string_stac_dyn_normal_bus_transform_0" triggers="string_stac_dyn_normal_0" delay="0">
        <properties targets="string_stac_dyn_normal_bus" />
        <properties targetParameter="volume" value="-20" />
        <properties duration="2000"  />
    </transform>

    <transform instanceId="string_stac_dyn_normal_bus_transform_5" triggers="string_stac_dyn_normal_5" delay="0">
        <properties targets="string_stac_dyn_normal_bus" />
        <properties targetParameter="volume" value="-20" />
        <properties duration="2000"   />
    </transform>

    <transform instanceId="string_stac_dyn_normal_bus_transform_7" triggers="string_stac_dyn_normal_7" delay="0">
        <properties targets="string_stac_dyn_normal_bus" />
        <properties targetParameter="volume" value="-13" />
        <properties duration="2000"   />
    </transform>

    <transform instanceId="string_stac_dyn_normal_bus_transform_9" triggers="string_stac_dyn_normal_9" delay="0">
        <properties targets="string_stac_dyn_normal_bus" />
        <properties targetParameter="volume" value="-10" />
        <properties duration="2000"   />
    </transform>

    <transform instanceId="string_stac_dyn_normal_bus_transform_11" triggers="string_stac_dyn_normal_11" delay="0">
        <properties targets="string_stac_dyn_normal_bus" />
        <properties targetParameter="volume" value="-7" />
        <properties duration="2000"   />
    </transform>

    <transform instanceId="string_stac_dyn_normal_bus_transform_13" triggers="string_stac_dyn_normal_13" delay="0">
        <properties targets="string_stac_dyn_normal_bus" />
        <properties targetParameter="volume" value="-5" />
        <properties duration="2000"   />
    </transform>

    <transform instanceId="string_stac_dyn_normal_bus_transform_15" triggers="string_stac_dyn_normal_15" delay="0">
        <properties targets="string_stac_dyn_normal_bus" />
        <properties targetParameter="volume" value="-3" />
        <properties duration="2000"   />
    </transform>



<!--
    <scaler instanceId="string_stac_dyn_medium_bus_macro" triggers="speed_gps" delay="0">
        <properties inputTransformParameterName="value" />
        <properties inputEventParameterIndex="0" />
        <properties targetInstance="string_stac_dyn_medium_bus" />
        <properties targetParameter="volume" />
        <breakpoints>
			<breakpoint in="0" out="-20" />
			<breakpoint in="15" out="-20" />
			<breakpoint in="25" out="-3" />
			<breakpoint in="1000" out="-3" />
        </breakpoints>
	</scaler>
-->
    <eventDispatcher instanceId="string_stac_dyn_medium_bus_dispatch" delay="0" triggers="speed_gps,dmaf_init">
        <properties inputTransformParameterName="value" />
        <properties inputEventParameterIndex="0" />
        <properties dispatch="ON_CHANGE" />
        <properties outOfRange="CLAMP" />
            <eventDispatchMaps>
                <eventDispatchMap value="0" outEvent="string_stac_dyn_medium_0" />
                <eventDispatchMap value="15" outEvent="string_stac_dyn_medium_15" />
                <eventDispatchMap value="17" outEvent="string_stac_dyn_medium_17" />
                <eventDispatchMap value="19" outEvent="string_stac_dyn_medium_19" />
                <eventDispatchMap value="21" outEvent="string_stac_dyn_medium_21" />
                <eventDispatchMap value="23" outEvent="string_stac_dyn_medium_23" />
                <eventDispatchMap value="25" outEvent="string_stac_dyn_medium_25" />
            </eventDispatchMaps>
    </eventDispatcher>

    <transform instanceId="string_stac_dyn_medium_bus_transform_0" triggers="string_stac_dyn_medium_0" delay="0">
        <properties targets="string_stac_dyn_medium_bus" />
        <properties targetParameter="volume" value="-20" />
        <properties duration="2000"  />
    </transform>

    <transform instanceId="string_stac_dyn_medium_bus_transform_15" triggers="string_stac_dyn_medium_15" delay="0">
        <properties targets="string_stac_dyn_medium_bus" />
        <properties targetParameter="volume" value="-20" />
        <properties duration="2000"   />
    </transform>

    <transform instanceId="string_stac_dyn_medium_bus_transform_17" triggers="string_stac_dyn_medium_17" delay="0">
        <properties targets="string_stac_dyn_medium_bus" />
        <properties targetParameter="volume" value="-13" />
        <properties duration="2000"   />
    </transform>

    <transform instanceId="string_stac_dyn_medium_bus_transform_19" triggers="string_stac_dyn_medium_19" delay="0">
        <properties targets="string_stac_dyn_medium_bus" />
        <properties targetParameter="volume" value="-10" />
        <properties duration="2000"   />
    </transform>

    <transform instanceId="string_stac_dyn_medium_bus_transform_21" triggers="string_stac_dyn_medium_21" delay="0">
        <properties targets="string_stac_dyn_medium_bus" />
        <properties targetParameter="volume" value="-7" />
        <properties duration="2000"   />
    </transform>

    <transform instanceId="string_stac_dyn_medium_bus_transform_23" triggers="string_stac_dyn_medium_23" delay="0">
        <properties targets="string_stac_dyn_medium_bus" />
        <properties targetParameter="volume" value="-5" />
        <properties duration="2000"   />
    </transform>

    <transform instanceId="string_stac_dyn_medium_bus_transform_25" triggers="string_stac_dyn_medium_25" delay="0">
        <properties targets="string_stac_dyn_medium_bus" />
        <properties targetParameter="volume" value="-3" />
        <properties duration="2000"   />
    </transform>



<!--
    <scaler instanceId="string_stac_dyn_fast_bus_macro" triggers="speed_gps" delay="0">
        <properties inputTransformParameterName="value" />
        <properties inputEventParameterIndex="0" />
        <properties targetInstance="string_stac_dyn_fast_bus" />
        <properties targetParameter="volume" />
        <breakpoints>
			<breakpoint in="0" out="-20" />
			<breakpoint in="35" out="-20" />
			<breakpoint in="45" out="-3" />
			<breakpoint in="1000" out="-3" />
        </breakpoints>
	</scaler>
-->

    <eventDispatcher instanceId="string_stac_dyn_fast_bus_dispatch" delay="0" triggers="speed_gps,dmaf_init">
        <properties inputTransformParameterName="value" />
        <properties inputEventParameterIndex="0" />
        <properties dispatch="ON_CHANGE" />
        <properties outOfRange="CLAMP" />
            <eventDispatchMaps>
                <eventDispatchMap value="0" outEvent="string_stac_dyn_fast_0" />
                <eventDispatchMap value="35" outEvent="string_stac_dyn_fast_35" />
                <eventDispatchMap value="37" outEvent="string_stac_dyn_fast_37" />
                <eventDispatchMap value="39" outEvent="string_stac_dyn_fast_39" />
                <eventDispatchMap value="41" outEvent="string_stac_dyn_fast_41" />
                <eventDispatchMap value="43" outEvent="string_stac_dyn_fast_43" />
                <eventDispatchMap value="45" outEvent="string_stac_dyn_fast_45" />
            </eventDispatchMaps>
    </eventDispatcher>

    <transform instanceId="string_stac_dyn_fast_bus_transform_0" triggers="string_stac_dyn_fast_0" delay="0">
        <properties targets="string_stac_dyn_fast_bus" />
        <properties targetParameter="volume" value="-20" />
        <properties duration="2000"  />
    </transform>

    <transform instanceId="string_stac_dyn_fast_bus_transform_35" triggers="string_stac_dyn_fast_35" delay="0">
        <properties targets="string_stac_dyn_fast_bus" />
        <properties targetParameter="volume" value="-20" />
        <properties duration="2000"   />
    </transform>

    <transform instanceId="string_stac_dyn_fast_bus_transform_37" triggers="string_stac_dyn_fast_37" delay="0">
        <properties targets="string_stac_dyn_fast_bus" />
        <properties targetParameter="volume" value="-13" />
        <properties duration="2000"   />
    </transform>

    <transform instanceId="string_stac_dyn_fast_bus_transform_39" triggers="string_stac_dyn_fast_39" delay="0">
        <properties targets="string_stac_dyn_fast_bus" />
        <properties targetParameter="volume" value="-10" />
        <properties duration="2000"   />
    </transform>

    <transform instanceId="string_stac_dyn_fast_bus_transform_41" triggers="string_stac_dyn_fast_41" delay="0">
        <properties targets="string_stac_dyn_fast_bus" />
        <properties targetParameter="volume" value="-7" />
        <properties duration="2000"   />
    </transform>

    <transform instanceId="string_stac_dyn_fast_bus_transform_43" triggers="string_stac_dyn_fast_43" delay="0">
        <properties targets="string_stac_dyn_fast_bus" />
        <properties targetParameter="volume" value="-5" />
        <properties duration="2000"   />
    </transform>

    <transform instanceId="string_stac_dyn_fast_bus_transform_45" triggers="string_stac_dyn_fast_45" delay="0">
        <properties targets="string_stac_dyn_fast_bus" />
        <properties targetParameter="volume" value="-3" />
        <properties duration="2000"   />
    </transform>

<!--
	<scaler instanceId="drum_rolls_dyn_fast_bus_macro" triggers="speed_gps" delay="0">
        <properties inputTransformParameterName="value" />
        <properties inputEventParameterIndex="0" />
        <properties targetInstance="drum_rolls_dyn_fast_bus" />
        <properties targetParameter="volume" />
        <breakpoints>
			<breakpoint in="0" out="-30" />
			<breakpoint in="35" out="-30" />
			<breakpoint in="45" out="-3" />
			<breakpoint in="1000" out="-3" />
        </breakpoints>
	</scaler>
-->

    <eventDispatcher instanceId="drum_rolls_dyn_fast_bus_dispatch" delay="0" triggers="speed_gps,dmaf_init">
        <properties inputTransformParameterName="value" />
        <properties inputEventParameterIndex="0" />
        <properties dispatch="ON_CHANGE" />
        <properties outOfRange="CLAMP" />
            <eventDispatchMaps>
                <eventDispatchMap value="0" outEvent="drum_rolls_dyn_fast_0" />
                <eventDispatchMap value="35" outEvent="drum_rolls_dyn_fast_35" />
                <eventDispatchMap value="37" outEvent="drum_rolls_dyn_fast_37" />
                <eventDispatchMap value="39" outEvent="drum_rolls_dyn_fast_39" />
                <eventDispatchMap value="41" outEvent="drum_rolls_dyn_fast_41" />
                <eventDispatchMap value="43" outEvent="drum_rolls_dyn_fast_43" />
                <eventDispatchMap value="45" outEvent="drum_rolls_dyn_fast_45" />
            </eventDispatchMaps>
    </eventDispatcher>

    <transform instanceId="drum_rolls_dyn_fast_bus_transform_0" triggers="drum_rolls_dyn_fast_0" delay="0">
        <properties targets="drum_rolls_dyn_fast_bus" />
        <properties targetParameter="volume" value="-46" />
        <properties duration="2000"  />
    </transform>

    <transform instanceId="drum_rolls_dyn_fast_bus_transform_35" triggers="drum_rolls_dyn_fast_35" delay="0">
        <properties targets="drum_rolls_dyn_fast_bus" />
        <properties targetParameter="volume" value="-30" />
        <properties duration="2000"   />
    </transform>

    <transform instanceId="drum_rolls_dyn_fast_bus_transform_37" triggers="drum_rolls_dyn_fast_37" delay="0">
        <properties targets="drum_rolls_dyn_fast_bus" />
        <properties targetParameter="volume" value="-13" />
        <properties duration="2000"   />
    </transform>

    <transform instanceId="drum_rolls_dyn_fast_bus_transform_39" triggers="drum_rolls_dyn_fast_39" delay="0">
        <properties targets="drum_rolls_dyn_fast_bus" />
        <properties targetParameter="volume" value="-10" />
        <properties duration="2000"   />
    </transform>

    <transform instanceId="drum_rolls_dyn_fast_bus_transform_41" triggers="drum_rolls_dyn_fast_41" delay="0">
        <properties targets="drum_rolls_dyn_fast_bus" />
        <properties targetParameter="volume" value="-7" />
        <properties duration="2000"   />
    </transform>

    <transform instanceId="drum_rolls_dyn_fast_bus_transform_43" triggers="drum_rolls_dyn_fast_43" delay="0">
        <properties targets="drum_rolls_dyn_fast_bus" />
        <properties targetParameter="volume" value="-5" />
        <properties duration="2000"   />
    </transform>

    <transform instanceId="drum_rolls_dyn_fast_bus_transform_45" triggers="drum_rolls_dyn_fast_45" delay="0">
        <properties targets="drum_rolls_dyn_fast_bus" />
        <properties targetParameter="volume" value="-3" />
        <properties duration="2000"   />
    </transform>


 <transform instanceId="string_legato_transform_0" triggers="speed0,start_bpp" delay="0">
        <properties targets="string_legato_bus" />
        <properties targetParameter="volume" value="-20" />
        <properties duration="0"   />
    </transform>

    <transform instanceId="string_legato_transform_1" triggers="speed1" delay="0">
        <properties targets="string_legato_bus" />
        <properties targetParameter="volume" value="-18" />
        <properties duration="2000"   />
    </transform>

    <transform instanceId="string_legato_transform_2" triggers="speed2" delay="0">
        <properties targets="string_legato_bus" />
        <properties targetParameter="volume" value="-15" />
        <properties duration="2000"   />
    </transform>

    <transform instanceId="string_legato_transform_3" triggers="speed3" delay="0">
        <properties targets="string_legato_bus" />
        <properties targetParameter="volume" value="-12" />
        <properties duration="2000"   />
    </transform>

    <transform instanceId="string_legato_transform_4" triggers="speed4" delay="0">
        <properties targets="string_legato_bus" />
        <properties targetParameter="volume" value="-10" />
        <properties duration="2000"   />
    </transform>


    <transform instanceId="string_legato_transform_5" triggers="speed5" delay="0">
        <properties targets="string_legato_bus" />
        <properties targetParameter="volume" value="-8" />
        <properties duration="2000"   />
    </transform>



 <eventDispatcher instanceId="horn_legato_dispatcher" delay="0" triggers="speed_gps,dmaf_init">
        <properties inputTransformParameterName="value" />
        <properties inputEventParameterIndex="0" />
        <properties dispatch="ON_CHANGE" />
        <properties outOfRange="CLAMP" />
            <eventDispatchMaps>
                <eventDispatchMap value="0" outEvent="horn_legato_transform_0" />
                <eventDispatchMap value="5" outEvent="horn_legato_transform_5" />
                <eventDispatchMap value="7" outEvent="horn_legato_transform_7" />
                <eventDispatchMap value="9" outEvent="horn_legato_transform_9" />
                <eventDispatchMap value="11" outEvent="horn_legato_transform_11" />
                <eventDispatchMap value="13" outEvent="horn_legato_transform_13" />
                <eventDispatchMap value="15" outEvent="horn_legato_transform_15" />
                <eventDispatchMap value="17" outEvent="horn_legato_transform_17" />
                <eventDispatchMap value="19" outEvent="horn_legato_transform_19" />
                <eventDispatchMap value="21" outEvent="horn_legato_transform_21" />
                <eventDispatchMap value="23" outEvent="horn_legato_transform_23" />
                <eventDispatchMap value="25" outEvent="horn_legato_transform_25" />
                <eventDispatchMap value="27" outEvent="horn_legato_transform_27" />
                <eventDispatchMap value="29" outEvent="horn_legato_transform_29" />
                <eventDispatchMap value="31" outEvent="horn_legato_transform_31" />
                <eventDispatchMap value="33" outEvent="horn_legato_transform_33" />
                <eventDispatchMap value="35" outEvent="horn_legato_transform_35" />
                <eventDispatchMap value="37" outEvent="horn_legato_transform_37" />
                <eventDispatchMap value="39" outEvent="horn_legato_transform_39" />
                <eventDispatchMap value="41" outEvent="horn_legato_transform_41" />
                <eventDispatchMap value="43" outEvent="horn_legato_transform_43" />
                <eventDispatchMap value="45" outEvent="horn_legato_transform_45" />
            </eventDispatchMaps>
    </eventDispatcher>


    <transform instanceId="horn_legato_transform_0" triggers="horn_legato_transform_0" delay="0">
        <properties targets="horn_legato_bus" />
        <properties targetParameter="fx:0:frequency" value="20" />
        <properties duration="2000"  />
    </transform>
    <transform instanceId="horn_legato_transform_5" triggers="horn_legato_transform_5" delay="0">
        <properties targets="horn_legato_bus" />
        <properties targetParameter="fx:0:frequency" value="20" />
        <properties duration="2000"  />
    </transform>
    <transform instanceId="horn_legato_transform_7" triggers="horn_legato_transform_7" delay="0">
        <properties targets="horn_legato_bus" />
        <properties targetParameter="fx:0:frequency" value="20" />
        <properties duration="2000"  />
    </transform>
    <transform instanceId="horn_legato_transform_9" triggers="horn_legato_transform_9" delay="0">
        <properties targets="horn_legato_bus" />
        <properties targetParameter="fx:0:frequency" value="20" />
        <properties duration="2000"  />
    </transform>
    <transform instanceId="horn_legato_transform_11" triggers="horn_legato_transform_11" delay="0">
        <properties targets="horn_legato_bus" />
        <properties targetParameter="fx:0:frequency" value="20" />
        <properties duration="2000"  />
    </transform>
    <transform instanceId="horn_legato_transform_13" triggers="horn_legato_transform_13" delay="0">
        <properties targets="horn_legato_bus" />
        <properties targetParameter="fx:0:frequency" value="20" />
        <properties duration="2000"  />
    </transform>
    <transform instanceId="horn_legato_transform_15" triggers="horn_legato_transform_15" delay="0">
        <properties targets="horn_legato_bus" />
        <properties targetParameter="fx:0:frequency" value="100" />
        <properties duration="2000"  />
    </transform>
    <transform instanceId="horn_legato_transform_17" triggers="horn_legato_transform_17" delay="0">
        <properties targets="horn_legato_bus" />
        <properties targetParameter="fx:0:frequency" value="200" />
        <properties duration="2000"  />
    </transform>
    <transform instanceId="horn_legato_transform_19" triggers="horn_legato_transform_19" delay="0">
        <properties targets="horn_legato_bus" />
        <properties targetParameter="fx:0:frequency" value="300" />
        <properties duration="2000"  />
    </transform>
    <transform instanceId="horn_legato_transform_21" triggers="horn_legato_transform_21" delay="0">
        <properties targets="horn_legato_bus" />
        <properties targetParameter="fx:0:frequency" value="400" />
        <properties duration="2000"  />
    </transform>
    <transform instanceId="horn_legato_transform_23" triggers="horn_legato_transform_23" delay="0">
        <properties targets="horn_legato_bus" />
        <properties targetParameter="fx:0:frequency" value="500" />
        <properties duration="2000"  />
    </transform>
    <transform instanceId="horn_legato_transform_25" triggers="horn_legato_transform_25" delay="0">
        <properties targets="horn_legato_bus" />
        <properties targetParameter="fx:0:frequency" value="600" />
        <properties duration="2000"  />
    </transform>
    <transform instanceId="horn_legato_transform_27" triggers="horn_legato_transform_27" delay="0">
        <properties targets="horn_legato_bus" />
        <properties targetParameter="fx:0:frequency" value="900" />
        <properties duration="2000"  />
    </transform>
    <transform instanceId="horn_legato_transform_29" triggers="horn_legato_transform_29" delay="0">
        <properties targets="horn_legato_bus" />
        <properties targetParameter="fx:0:frequency" value="1200" />
        <properties duration="2000"  />
    </transform>
    <transform instanceId="horn_legato_transform_31" triggers="horn_legato_transform_31" delay="0">
        <properties targets="horn_legato_bus" />
        <properties targetParameter="fx:0:frequency" value="2000" />
        <properties duration="2000"  />
    </transform>
    <transform instanceId="horn_legato_transform_33" triggers="horn_legato_transform_33" delay="0">
        <properties targets="horn_legato_bus" />
        <properties targetParameter="fx:0:frequency" value="3000" />
        <properties duration="2000"  />
    </transform>
    <transform instanceId="horn_legato_transform_35" triggers="horn_legato_transform_35" delay="0">
        <properties targets="horn_legato_bus" />
        <properties targetParameter="fx:0:frequency" value="5000" />
        <properties duration="2000"  />
    </transform>
    <transform instanceId="horn_legato_transform_37" triggers="horn_legato_transform_37" delay="0">
        <properties targets="horn_legato_bus" />
        <properties targetParameter="fx:0:frequency" value="8000" />
        <properties duration="2000"  />
    </transform>
    <transform instanceId="horn_legato_transform_39" triggers="horn_legato_transform_39" delay="0">
        <properties targets="horn_legato_bus" />
        <properties targetParameter="fx:0:frequency" value="12000" />
        <properties duration="2000"  />
    </transform>
    <transform instanceId="horn_legato_transform_41" triggers="horn_legato_transform_41" delay="0">
        <properties targets="horn_legato_bus" />
        <properties targetParameter="fx:0:frequency" value="20000" />
        <properties duration="2000"  />
    </transform>
    <transform instanceId="horn_legato_transform_43" triggers="horn_legato_transform_43" delay="0">
        <properties targets="horn_legato_bus" />
        <properties targetParameter="fx:0:frequency" value="20000" />
        <properties duration="2000"  />
    </transform>
    <transform instanceId="horn_legato_transform_45" triggers="horn_legato_transform_45" delay="0">
        <properties targets="horn_legato_bus" />
        <properties targetParameter="fx:0:frequency" value="20000" />
        <properties duration="2000"  />
    </transform>



</actions>
