<?xml version="1.0"?>
<actions>

    <!-- SAMPLERS -->
    <!-- synth_bas -->
    
    <sampler instanceId="synth_arp_1" triggers="synth_arp_1">
        <properties transpose="0" ignoreNoteOff="false" instanceId="multi" loop="false" bus="synth_arp_1_bus" volume="-12"/>
        <properties ampAttack="0" ampDecay="0" ampRelease="140" ampSustain="1" ampVelocityRatio="0"/>
        <properties filterAttack="0" filterDecay="0" filterFrequency="0" filterGain="0" filterOn="false" filterQ="1" filterRelease="0" filterSustain="0" filterVelocityRatio="0"/>
        <audioNodes/>
        <sampleMapGroups>
            <sampleMapGroup name="synth_arp_1">
                <sampleMaps>
                    <sampleMap name="synth_bas" velocityHigh="127" velocityLow="1"/>
                </sampleMaps>
            </sampleMapGroup>
        </sampleMapGroups>
    </sampler>
    
    <sampler instanceId="synth_bas" triggers="synth_bas">
        <properties transpose="0" ignoreNoteOff="true" instanceId="multi" loop="false" bus="synth_bas_bus" volume="-5"/>
        <properties ampAttack="0" ampDecay="0" ampRelease="250" ampSustain="1" ampVelocityRatio="0"/>
        <properties filterAttack="0" filterDecay="0" filterFrequency="0" filterGain="0" filterOn="false" filterQ="1" filterRelease="0" filterSustain="0" filterVelocityRatio="0"/>
        <audioNodes/>
        <sampleMapGroups>
            <sampleMapGroup name="synth_bas">
                <sampleMaps>
                    <sampleMap name="synth_dist" velocityHigh="127" velocityLow="1"/>
                </sampleMaps>
            </sampleMapGroup>
        </sampleMapGroups>
    </sampler>
    
    
    <sampler instanceId="synth_dist" triggers="syntqeqh_bas">
        <properties transpose="0" ignoreNoteOff="false" instanceId="multi" loop="false" bus="synth_bas_bus" volume="-9.5"/>
        <properties ampAttack="0" ampDecay="0" ampRelease="170" ampSustain="1" ampVelocityRatio="0"/>
        <properties filterAttack="0" filterDecay="0" filterFrequency="0" filterGain="0" filterOn="false" filterQ="1" filterRelease="0" filterSustain="0" filterVelocityRatio="0"/>
        <audioNodes/>
        <sampleMapGroups>
            <sampleMapGroup name="synth_dist">
                <sampleMaps>
                    <sampleMap name="synth_dist" velocityHigh="127" velocityLow="1"/>
                </sampleMaps>
            </sampleMapGroup>
        </sampleMapGroups>
    </sampler>
</actions>

