<samplemaps>

	<samplemap name="string_legato">
		<range sound="string_legato_Ds0" root="Ds0" low="G-1" hi="E0" vol="0"/>
		<range sound="string_legato_G0" root="G0" low="F0" hi="Gs0" vol="0"/>
		<range sound="string_legato_B0" root="B0" low="A0" hi="C1" vol="0"/>
		<range sound="string_legato_Ds1" root="Ds1" low="Cs1" hi="E1" vol="0"/>
		<range sound="string_legato_G1" root="G1" low="F1" hi="Gs1" vol="0"/>
		<range sound="string_legato_B1" root="B2" low="A1" hi="C2" vol="0"/>
		<range sound="string_legato_Ds2" root="Ds2" low="Cs2" hi="E2" vol="0"/>
		<range sound="string_legato_G2" root="G2" low="F2" hi="Gs2" vol="0"/>
		<range sound="string_legato_B2" root="B2" low="A2" hi="C3" vol="0"/>
		<range sound="string_legato_Ds3" root="Ds3" low="Cs3" hi="E3" vol="0"/>
		<range sound="string_legato_G3" root="G3" low="F3" hi="Gs3" vol="0"/>
		<range sound="string_legato_B3" root="B3" low="A3" hi="C4" vol="0"/>
		<range sound="string_legato_Ds4" root="Ds4" low="Cs4" hi="E4" vol="-3"/>
		<range sound="string_legato_G4" root="G4" low="F4" hi="Gs4" vol="-3"/>
		<range sound="string_legato_B4" root="B4" low="A4" hi="C5" vol="-3"/>
		<range sound="string_legato_Ds5" root="Ds5" low="Cs5" hi="E5" vol="-3"/>
		<range sound="string_legato_G5" root="G5" low="F5" hi="Gs5" vol="-3"/>
		<range sound="string_legato_B5" root="B5" low="A5" hi="C6" vol="-3"/>
		<range sound="string_legato_Ds6" root="Ds6" low="Cs6" hi="E6" vol="-3"/>
	</samplemap>

    <samplemap name="string_stac">
        <range sound="string_stac_Ds0" root="Ds0" low="G-1" hi="E0" vol="0"/>
        <range sound="string_stac_G0" root="G0" low="F0" hi="Gs0" vol="0"/>
        <range sound="string_stac_B0" root="B0" low="A0" hi="C1" vol="0"/>
        <range sound="string_stac_Ds1" root="Ds1" low="Cs1" hi="E1" vol="0"/>
        <range sound="string_stac_G1" root="G1" low="F1" hi="Gs1" vol="0"/>
        <range sound="string_stac_B1" root="B2" low="A1" hi="C2" vol="0"/>
        <range sound="string_stac_Ds2" root="Ds2" low="Cs2" hi="E2" vol="0"/>
        <range sound="string_stac_G2" root="G2" low="F2" hi="Gs2" vol="0"/>
        <range sound="string_stac_B2" root="B2" low="A2" hi="C3" vol="0"/>
        <range sound="string_stac_Ds3" root="Ds3" low="Cs3" hi="E3" vol="0"/>
        <range sound="string_stac_G3" root="G3" low="F3" hi="Gs3" vol="0"/>
        <range sound="string_stac_B3" root="B3" low="A3" hi="C4" vol="0"/>
        <range sound="string_stac_Ds4" root="Ds4" low="Cs4" hi="E4" vol="0"/>
        <range sound="string_stac_G4" root="G4" low="F4" hi="Gs4" vol="0"/>
        <range sound="string_stac_B4" root="B4" low="A4" hi="C5" vol="0"/>
        <range sound="string_stac_Ds5" root="Ds5" low="Cs5" hi="E5" vol="0"/>
        <range sound="string_stac_G5" root="G5" low="F5" hi="Gs5" vol="0"/>
        <range sound="string_stac_B5" root="B5" low="A5" hi="C6" vol="0"/>
        <range sound="string_stac_Ds6" root="Ds6" low="Cs6" hi="E6" vol="0"/>
    </samplemap>

	<samplemap name="horn_legato">
        <range sound="horn_opt" root="E1" low="C-1" hi="E7" vol="0"/>
    </samplemap>

 	<samplemap name="cymbal_rolls">
        <range sound="cymbal_hit" root="Ds1" low="Ds1" hi="Ds1" vol="0"/>
    </samplemap>

	<samplemap name="drum_rolls">
        <range sound="drum_rolls_3" root="D0" low="D0" hi="D0" vol="0"/>
    </samplemap>


    <samplemap name="drum_hit_2">
        <range sound="opt_1_1" root="C1" low="C1" hi="C1" vol="12"/>
        <range sound="drum_hit_12_2" root="G2" low="G2" hi="G2" vol="12"/>
        <range sound="drum_hit_13_2" root="A2" low="A2" hi="A2" vol="12"/>
        <range sound="drum_hit_14_2" root="B2" low="B2" hi="B2" vol="0"/>
    </samplemap>
    <samplemap name="drum_hit_3">
        <range sound="opt_1_2" root="C1" low="C1" hi="C1" vol="6"/>
        <range sound="drum_hit_12_3" root="G2" low="G2" hi="G2" vol="1"/>
        <range sound="drum_hit_13_3" root="A2" low="A2" hi="A2" vol="2"/>
        <range sound="drum_hit_14_3" root="B2" low="B2" hi="B2" vol="1"/>
    </samplemap>
    <samplemap name="drum_hit_4">
        <range sound="opt_1_3" root="C1" low="C1" hi="C1" vol="0"/>
        <range sound="drum_hit_12_4" root="G2" low="G2" hi="G2" vol="0"/>
        <range sound="drum_hit_13_4" root="A2" low="A2" hi="A2" vol="0"/>
        <range sound="drum_hit_14_4" root="B2" low="B2" hi="B2" vol="0"/>
    </samplemap>

    <samplemap name="synth_bas">
        <range sound="synth_bas_Ds0" root="Ds0" low="C0" hi="F0" vol="0"/>
        <range sound="synth_bas_A0" root="A0" low="Fs0" hi="B0" vol="0"/>
        <range sound="synth_bas_Ds1" root="Ds1" low="C1" hi="F1" vol="0"/>
        <range sound="synth_bas_A1" root="A1" low="Fs1" hi="B1" vol="0"/>
        <range sound="synth_bas_Ds2" root="Ds2" low="C2" hi="F2" vol="0"/>
        <range sound="synth_bas_A2" root="A2" low="Fs2" hi="B2" vol="0"/>
        <range sound="synth_bas_Ds3" root="Ds3" low="C3" hi="F3" vol="0"/>
        <range sound="synth_bas_A3" root="A3" low="Fs3" hi="B9" vol="0"/>
    </samplemap>

    <samplemap name="synth_dist">
        <range sound="synth_dist_Ds0" root="Ds0" low="C0" hi="F0" vol="0"/>
        <range sound="synth_dist_A0" root="A0" low="Fs0" hi="B0" vol="0"/>
        <range sound="synth_dist_Ds1" root="Ds1" low="C1" hi="F1" vol="0"/>
        <range sound="synth_dist_A1" root="A1" low="Fs1" hi="B1" vol="0"/>
        <range sound="synth_dist_Ds2" root="Ds2" low="C2" hi="F2" vol="0"/>
        <range sound="synth_dist_A2" root="A2" low="Fs2" hi="B2" vol="0"/>
        <range sound="synth_dist_Ds3" root="Ds3" low="C3" hi="F3" vol="0"/>
        <range sound="synth_dist_A3" root="A3" low="Fs3" hi="B3" vol="0"/>
        <range sound="synth_dist_Ds4" root="Ds3" low="C4" hi="F4" vol="0"/>
        <range sound="synth_dist_A4" root="A3" low="Fs4" hi="B4" vol="0"/>
    </samplemap>

    <samplemap name="synth_arp_1">
        <range sound="synth_arp_1_Ds1" root="Ds1" low="C0" hi="F1" vol="0"/>
        <range sound="synth_arp_1_A1" root="A1" low="Fs1" hi="B1" vol="0"/>
        <range sound="synth_arp_1_Ds2" root="Ds2" low="C2" hi="F2" vol="0"/>
        <range sound="synth_arp_1_A2" root="A2" low="Fs2" hi="B2" vol="0"/>
        <range sound="synth_arp_1_Ds3" root="Ds3" low="C3" hi="F3" vol="0"/>
        <range sound="synth_arp_1_A3" root="A3" low="Fs3" hi="B3" vol="0"/>
        <range sound="synth_arp_1_Ds4" root="Ds4" low="C4" hi="F4" vol="0"/>
        <range sound="synth_arp_1_A4" root="A4" low="Fs4" hi="B4" vol="0"/>
    </samplemap>

    <samplemap name="synth_arp_2">
        <range sound="synth_arp_2_Ds0" root="Ds0" low="C0" hi="F0" vol="0"/>
        <range sound="synth_arp_2_A0" root="A0" low="Fs0" hi="B0" vol="0"/>
        <range sound="synth_arp_2_Ds1" root="Ds1" low="C1" hi="F1" vol="0"/>
        <range sound="synth_arp_2_A1" root="A1" low="Fs1" hi="B1" vol="0"/>
        <range sound="synth_arp_2_Ds2" root="Ds2" low="C2" hi="F2" vol="0"/>
        <range sound="synth_arp_2_A2" root="A2" low="Fs2" hi="B2" vol="0"/>
        <range sound="synth_arp_2_Ds3" root="Ds3" low="C3" hi="F3" vol="0"/>
        <range sound="synth_arp_2_A3" root="A3" low="Fs3" hi="B3" vol="0"/>
        <range sound="synth_arp_2_Ds4" root="Ds4" low="C4" hi="F4" vol="0"/>
        <range sound="synth_arp_2_A4" root="A4" low="Fs4" hi="B4" vol="0"/>
    </samplemap>

    <samplemap name="synth_bas_pad">
        <range sound="synth_bas_pad_Ds0" root="Ds0" low="C0" hi="F0" vol="0"/>
        <range sound="synth_bas_pad_A0" root="A0" low="Fs0" hi="B0" vol="0"/>
        <range sound="synth_bas_pad_Ds1" root="Ds1" low="C1" hi="F1" vol="0"/>
        <range sound="synth_bas_pad_A1" root="A1" low="Fs1" hi="B1" vol="0"/>
        <range sound="synth_bas_pad_Ds2" root="Ds2" low="C2" hi="F2" vol="0"/>
        <range sound="synth_bas_pad_A2" root="A2" low="Fs2" hi="B2" vol="0"/>
        <range sound="synth_bas_pad_Ds3" root="Ds3" low="C3" hi="F3" vol="0"/>
        <range sound="synth_bas_pad_A3" root="A3" low="Fs3" hi="B3" vol="0"/>
        <range sound="synth_bas_pad_Ds4" root="Ds4" low="C4" hi="F4" vol="0"/>
        <range sound="synth_bas_pad_A4" root="A4" low="Fs4" hi="B4" vol="0"/>
    </samplemap>

    <samplemap name="synth_pad">
        <range sound="synth_pad_Ds0" root="Ds0" low="C0" hi="F0" vol="0"/>
        <range sound="synth_pad_A0" root="A0" low="Fs0" hi="B0" vol="0"/>
        <range sound="synth_pad_Ds1" root="Ds1" low="C1" hi="F1" vol="0"/>
        <range sound="synth_pad_A1" root="A1" low="Fs1" hi="B1" vol="0"/>
        <range sound="synth_pad_Ds2" root="Ds2" low="C2" hi="F2" vol="0"/>
        <range sound="synth_pad_A2" root="A2" low="Fs2" hi="B2" vol="0"/>
        <range sound="synth_pad_Ds3" root="Ds3" low="C3" hi="F3" vol="0"/>
        <range sound="synth_pad_A3" root="A3" low="Fs3" hi="B3" vol="0"/>
        <range sound="synth_pad_Ds4" root="Ds4" low="C4" hi="F4" vol="0"/>
        <range sound="synth_pad_A4" root="A4" low="Fs4" hi="B4" vol="0"/>
        <range sound="synth_pad_Ds5" root="Ds5" low="C5" hi="F5" vol="0"/>
    </samplemap>


</samplemaps>
